a,b,c,alpha,beta,gamma,density,enthalpy_formation_atom,spacegroup_relax,volume_cell,avg_en_dev,avg_mendeleev,p_fraction,group_std,num_unique_elements,num_constituent_atoms,egap,cluster
13.624194,7.7535435,8.2218816,61.992,90.0,90.0,3.56724,-0.474844,11,766.805,0.7467,25.5714,0.4474,6.9992,3.0,14.0,0.2788,0
11.086192,7.0443927,7.5070452,89.020669,90.0,90.0,1.79178,-0.19076,11,586.181,0.39,15.6,0.6429,0.5477,2.0,5.0,2.3095,0
10.030014,6.4977934,10.773513,87.657704,90.0,90.0,3.67513,-1.29889,11,701.555,1.0267,24.2857,0.6744,0.8644,4.0,14.0,1.8937,0
11.87205,10.038301,10.417626,89.752551,90.0,90.0,3.30728,-0.701647,11,1241.51,1.1533,30.2222,0.6,6.4183,3.0,9.0,1.7829,0
11.882082,6.7856249,7.0969887,63.391034,90.0,90.0,1.84485,-0.187583,11,511.605,0.39,15.5556,0.64,0.527,2.0,9.0,2.454,0
13.009853,7.0065367,7.7169489,75.50428,90.0,90.0,1.77628,-0.779815,11,681.038,0.8333,13.8462,0.6486,0.4804,3.0,13.0,3.2058,0
11.716915,7.0212784,9.0850362,70.497497,90.0,90.0,2.21836,-0.339008,11,704.524,0.525,19.8182,0.6452,1.206,4.0,11.0,2.6959,0
10.235258,6.6580493,12.01882,75.618152,90.0,90.0,2.31845,-0.645255,11,793.377,0.8417,20.0,0.6579,1.1435,4.0,13.0,2.2595,0
10.008588,5.7152137,6.7593769,81.61878,90.0,90.0,6.25206,-0.425099,11,382.515,0.64,42.2857,0.5333,1.6036,3.0,7.0,1.3962,0
13.419179,9.8268984,16.127579,76.660471,90.0,90.0,6.4876,-0.165206,11,2069.35,1.51,62.6154,0.45,6.245,2.0,13.0,0.2578,0
13.754681,6.4433479,13.537698,85.139418,90.0,90.0,1.76586,-0.689287,11,1195.48,0.8517,15.4,0.6774,1.3166,4.0,10.0,1.6666,0
10.01702,10.01702,16.120804,90.001778,89.998222,120.00018,1.93093,0.145016,164,1400.86,0.0,14.0,0.5,0.0,1.0,1.0,0.7852,0
10.05203,10.05203,10.05203,109.47122,109.47122,109.47122,5.93757,-1.03063,197,781.879,1.42,38.0,0.6429,0.5477,2.0,5.0,1.7808,0
10.550228,10.550228,10.550228,90.0,90.0,90.0,3.51727,-0.823196,198,1174.32,0.8533,37.7143,0.5769,7.8921,3.0,7.0,1.6917,0
10.364823,10.364823,10.364823,90.0,90.0,90.0,3.66879,-0.999806,198,1113.49,1.1533,37.7143,0.5769,7.8921,3.0,7.0,2.3059,0
10.362062,10.362062,10.362062,90.0,90.0,90.0,4.19248,-0.956776,198,1112.6,1.1533,42.2857,0.5769,7.8921,3.0,7.0,2.0786,0
10.070836,10.070836,10.070836,90.0,90.0,90.0,3.96373,-0.973427,198,1021.4,1.065,37.1429,0.5769,7.8921,4.0,7.0,2.1471,0
11.882762,10.370865,10.120516,90.0,90.0,90.0,3.4548,-0.95999,62,1247.2,1.1933,35.0,0.5938,7.6672,3.0,8.0,2.1269,0
10.466859,12.263123,13.505682,89.99843,90.0,90.0,4.68432,-0.916354,62,1733.54,0.7333,40.1538,0.4348,6.369,3.0,13.0,0.7645,0
17.067635,3.8610411,3.8346053,89.998296,90.0,90.0,5.14894,-1.56425,62,252.696,0.9067,29.3333,0.5,7.2342,3.0,3.0,0.1061,0
10.665147,11.928642,14.931447,90.0,90.0,90.0,2.52299,-0.104401,62,1899.59,0.36,23.1429,0.6316,0.5345,2.0,7.0,2.1779,0
10.074588,10.57969,11.66201,90.0,90.0,89.985744,3.70844,-0.904521,62,1243.01,1.1533,37.25,0.5938,7.6672,3.0,8.0,1.3257,0
12.185291,10.87807,10.406305,90.0,90.0,90.0,4.02708,-0.941053,62,1379.38,1.1733,44.0,0.5938,7.6672,3.0,8.0,1.4439,0
10.083018,10.083018,5.5400146,90.0,90.0,90.0,2.99439,-0.366388,114,563.238,0.89,14.5,0.6667,0.0,2.0,4.0,2.412,0
13.102596,13.102596,5.2459102,90.0,90.0,90.0,7.86691,-1.01681,114,900.608,1.26,31.5714,0.5128,3.2878,3.0,7.0,0.754,0
10.910267,10.910267,9.0193478,79.111246,79.111246,90.082706,4.58562,-0.402383,15,1034.53,0.64,34.0,0.5909,1.3642,3.0,9.0,2.0507,0
11.718791,11.718791,9.6439942,79.474147,79.474147,90.067559,3.69082,-0.703252,15,1279.39,1.1533,34.2222,0.6,6.4183,3.0,9.0,1.4909,0
11.686002,11.686002,13.724947,81.625673,81.625673,42.314399,3.98324,-0.930778,15,1246.3,0.802,32.2,0.6667,1.3333,5.0,10.0,0.6044,0
11.836064,11.836064,13.906448,68.637699,68.637699,41.49916,3.70448,-1.12093,15,1188.92,1.1733,28.0,0.56,6.6826,3.0,21.0,1.9595,0
10.55119,10.55119,13.261218,72.427202,72.427202,99.280659,2.6826,-0.222077,15,1288.97,0.5133,25.7778,0.6538,0.8333,3.0,9.0,2.2324,0
11.302618,11.302755,7.8390147,83.777296,83.779531,49.993005,2.53488,0.03801,15,761.565,0.6067,18.8571,0.6667,0.8165,4.0,7.0,2.0113,0
12.958597,12.958597,9.6922248,79.066781,79.066781,46.375956,3.66799,-0.629156,15,1152.82,1.1533,34.5,0.6111,7.3485,3.0,4.0,1.6234,0
10.329699,10.329699,16.16048,66.997058,66.997058,61.175469,2.17875,-0.393859,15,1346.1,0.61,20.4,0.7059,0.4472,2.0,5.0,3.0869,0
11.012354,11.012354,8.9144868,80.487375,80.487375,90.218882,2.42475,-0.768021,15,1051.01,1.1733,20.2222,0.6,6.4183,3.0,9.0,2.3015,0
14.889169,14.889169,14.926977,73.472013,73.472013,30.846831,2.54192,-0.750895,15,1621.17,1.0333,27.4,0.697,1.2649,3.0,10.0,1.7458,0
10.6559,10.6559,9.8246311,85.802156,85.802156,81.247206,3.46613,-0.807762,15,1097.44,0.8533,35.0,0.56,7.7828,3.0,7.0,1.047,0
11.046804,11.046804,15.233889,72.597697,72.597697,57.626796,2.53699,-0.694403,15,1475.79,1.06,28.0,0.6667,1.7321,2.0,3.0,2.4027,0
11.994104,11.994104,10.02356,79.030535,79.030535,90.487073,3.85531,-0.732214,15,1388.27,1.1733,38.2222,0.6,6.4183,3.0,9.0,1.5881,0
10.798535,10.798535,9.8260683,85.080639,85.080639,79.743586,4.19828,-1.01169,15,1120.43,1.1733,42.7143,0.56,7.7828,3.0,7.0,1.5812,0
10.663794,10.66364,16.293334,67.309943,67.308064,62.907303,2.43268,-0.656887,15,1471.2,1.06,24.0,0.7059,0.4472,2.0,5.0,3.1412,0
11.346058,11.346058,9.2726423,78.257034,78.257034,89.73253,5.51119,-0.354085,15,1143.41,0.62,44.0,0.5909,1.3642,3.0,9.0,1.4272,0
10.089528,10.089528,7.8304245,74.993378,74.993378,122.68258,4.51554,-0.807832,15,564.734,0.86,36.4444,0.4706,6.3465,3.0,9.0,0.8232,0
11.34847,11.34847,15.674572,83.371036,83.371036,115.27174,4.95055,-0.720931,15,1782.54,0.8533,47.8261,0.5714,6.5063,3.0,23.0,1.0211,0
10.100392,10.100375,6.6612747,90.0,90.0,120.00005,3.60707,-0.847997,189,588.523,1.28,44.5,0.5714,10.6066,2.0,2.0,0.4213,0
10.883652,10.883652,13.640702,90.0,90.0,142.67093,4.44091,-0.982111,64,979.804,0.7333,40.0,0.4167,6.7188,3.0,7.0,0.5351,0
11.300172,11.300172,14.266503,90.0,90.0,142.42781,4.80882,-1.01471,64,1110.83,0.7733,47.7143,0.4167,6.7188,3.0,7.0,0.4714,0
10.104258,10.104258,9.1945404,90.0,90.0,126.12727,5.14072,-1.15633,64,758.218,1.16,53.7778,0.4,6.8516,2.0,9.0,0.2541,0
10.664543,10.664543,10.664543,107.72695,107.72695,113.01909,3.60559,-1.16412,82,930.992,0.7883,30.8571,0.6667,1.5275,4.0,7.0,2.152,0
10.38899,10.38899,10.38899,99.251378,99.251378,132.72399,2.48708,-1.07163,82,754.624,1.2867,21.3333,0.7,0.8165,3.0,6.0,1.4273,0
10.315151,10.315151,10.315151,107.74422,107.74422,112.98336,3.23107,-1.19635,82,842.503,0.8683,25.7143,0.6667,1.5275,4.0,7.0,2.8429,0
10.112185,10.112185,10.112185,98.011421,98.011421,136.15853,2.66009,-1.38909,82,664.457,1.2867,20.0,0.7,0.8165,3.0,6.0,1.7973,0
10.154564,10.154564,10.154564,109.47122,109.47122,109.47122,2.54106,0.207277,204,806.05,1.73,8.8182,0.4878,3.9196,2.0,11.0,0.6934,0
10.388705,10.388705,10.388705,109.47122,109.47122,109.47122,2.92069,0.193671,204,863.102,1.76,10.4545,0.4878,3.9196,2.0,11.0,0.7461,0
10.161386,10.161386,24.235245,90.0,90.0,90.0,1.97553,0.178483,137,2502.38,0.0,14.0,0.5,0.0,1.0,1.0,0.1324,0
11.824063,11.824063,6.3903575,90.0,90.0,90.0,1.4866,-0.830335,137,893.426,1.1933,9.6,0.6667,1.4142,3.0,5.0,1.0765,0
11.087776,7.2618082,7.2380474,72.439442,68.590765,81.13277,6.00027,-0.507172,2,516.653,1.2133,28.0714,0.6543,1.2514,3.0,14.0,1.9344,0
11.061491,11.413693,10.096468,89.602385,117.46608,103.25062,3.58152,-0.439824,2,1093.69,0.8717,24.0476,0.4737,4.3001,4.0,21.0,1.8729,0
10.800505,10.087427,10.864815,92.18378,54.409454,88.348539,0.675272,-0.185785,2,959.997,0.9333,10.6667,0.6667,1.0,3.0,3.0,2.5925,0
13.939662,10.589108,11.381476,108.87248,103.36316,85.73572,4.16809,-1.9962,2,1546.65,1.6267,19.2,0.6154,6.261,3.0,5.0,2.9372,0
12.095607,9.4248394,8.6324491,70.343266,64.718058,69.714704,1.97756,-0.325436,2,813.809,0.74,19.1667,0.6757,0.5774,3.0,12.0,2.8329,0
10.401929,8.4992326,6.8595696,79.023025,67.865142,75.984974,4.11044,-0.739972,2,541.699,1.0267,17.1667,0.3902,4.1833,3.0,6.0,1.5783,0
10.811769,9.723959,7.9778518,67.78517,70.811332,68.275096,4.12992,-0.589904,2,703.744,0.78,33.4545,0.5714,7.3187,3.0,11.0,0.9696,0
10.166924,8.7229903,8.4309331,104.05768,89.818484,103.49771,4.80147,-0.0714516,2,704.143,0.56,52.5,0.6923,0.7071,2.0,2.0,0.7496,0
11.054389,8.401396,6.060629,67.149047,75.610965,68.789009,4.48086,-0.712847,2,479.714,0.9267,28.4,0.6429,0.5477,3.0,5.0,1.2316,0
12.474684,6.305467,6.5789354,75.449709,70.229838,75.289004,5.59607,-0.395261,2,463.188,0.64,41.0,0.6,1.4142,3.0,4.0,1.615,0
12.831266,6.6991771,6.7333941,75.512363,73.558378,70.032192,3.50544,-0.782689,2,514.134,1.1733,30.0,0.6111,7.3485,3.0,4.0,1.9433,0
16.858222,5.9274181,7.863878,77.774562,75.309933,75.900958,2.24044,-1.87307,2,727.738,1.2867,23.2222,0.6949,0.7265,3.0,9.0,1.1615,0
13.294394,6.6418613,6.6365045,76.988571,69.815173,74.986704,4.03109,-0.759417,2,525.245,1.1533,34.5,0.6111,7.3485,3.0,4.0,1.421,0
10.387771,7.8509083,9.3782907,67.15874,97.161161,100.97536,2.36358,-0.108444,2,690.874,0.4133,22.6,0.6296,0.8944,3.0,5.0,0.2509,0
10.537459,8.4871708,8.4332035,70.737345,67.12962,57.589639,3.48713,-0.318446,2,579.459,0.5333,26.4,0.5625,4.7749,3.0,5.0,1.9658,0
12.248026,7.2953824,7.6446997,73.010101,90.0,90.0,2.04349,0.624549,14,653.272,0.86,9.6,0.6,0.0,2.0,10.0,3.333,0
11.422752,8.0324525,12.489731,76.934018,90.0,90.0,3.66248,0.0245047,14,1116.3,0.37,33.5,0.6364,0.7071,2.0,2.0,1.0613,0
10.415686,4.991587,7.2162571,91.057733,90.0,90.0,6.06809,0.146171,14,375.115,1.0067,25.3333,0.3478,2.582,3.0,6.0,2.5514,0
13.130562,7.5054782,12.326043,78.438445,90.0,90.0,1.76508,-0.198402,14,1190.1,0.39,15.6,0.6429,0.5477,2.0,5.0,2.4602,0
13.265623,8.019988,8.1260853,76.949989,90.0,90.0,7.20568,-0.283325,14,842.207,0.96,53.1429,0.5333,1.6036,2.0,7.0,0.8499,0
10.378339,4.6642838,7.4949189,76.65791,90.0,90.0,6.16294,-0.645122,14,353.018,0.96,27.6,0.4444,1.7889,3.0,5.0,2.5938,0
13.110563,6.7389753,15.34352,89.937079,90.0,90.0,5.29648,-0.940567,14,1355.63,1.1,45.8,0.4737,7.1204,2.0,5.0,0.0853,0
14.182306,7.3836408,8.4236743,75.832487,90.0,90.0,4.21458,-0.664201,14,855.273,0.8733,44.8,0.5909,6.5038,3.0,5.0,1.3332,0
10.173395,5.6530804,14.129185,75.364913,90.0,90.0,1.38735,0.522339,14,786.219,0.3267,10.25,0.619,0.7071,3.0,8.0,1.9233,0
13.12411,7.2820803,16.970873,64.576658,90.0,90.0,3.96087,-0.451244,14,1464.85,0.49,36.4,0.5833,1.6432,2.0,5.0,1.8551,0
12.23018,8.9802264,11.468274,71.178692,90.0,90.0,2.21426,-1.12827,14,1192.21,0.8567,18.4,0.6875,0.8433,4.0,10.0,2.2702,0
11.340647,8.7252434,12.505208,71.893314,90.0,90.0,2.67591,-1.11823,14,1176.11,1.56,26.5,0.6818,8.0,3.0,4.0,2.3549,0
12.481607,7.1113997,8.601251,73.632928,90.0,90.0,1.88866,0.41024,14,732.523,0.3267,10.4,0.6154,0.8367,3.0,5.0,0.5965,0
13.170578,6.2748519,7.8595795,73.377242,90.0,90.0,4.06167,-0.586591,14,622.398,1.1733,32.4,0.5909,6.5038,3.0,5.0,1.6356,0
13.794532,7.2939402,11.337907,84.938388,90.0,90.0,1.54505,-0.0478526,14,1136.33,0.5733,11.0,0.6471,0.4924,3.0,12.0,1.7646,0
15.292678,6.7326642,7.8436385,66.916183,90.0,90.0,1.67244,0.269445,14,742.923,0.3817,11.5,0.6364,1.291,4.0,4.0,2.7757,0
11.811548,8.1274936,13.57731,79.356024,90.0,90.0,1.58452,-0.194422,14,1280.97,0.74,17.5,0.6667,1.069,3.0,8.0,1.9283,0
14.344428,6.4291261,13.247319,73.830883,90.0,90.0,1.74246,-0.819263,14,1173.37,1.56,23.3333,0.6944,6.532,3.0,6.0,2.3007,0
11.006991,5.0351762,14.322404,85.230309,90.0,90.0,1.79422,0.506243,14,791.029,0.3817,10.6,0.6296,0.8433,4.0,10.0,2.2898,0
15.499709,5.4169108,7.0386147,72.701393,90.0,90.0,1.10879,-0.137551,14,564.235,0.2533,5.0,0.4615,7.7006,3.0,5.0,3.6276,0
12.28494,6.7204601,9.4653928,81.772639,90.0,90.0,5.2822,-1.18336,14,773.424,1.1667,21.0769,0.4043,1.7059,3.0,13.0,1.7084,0
16.566204,4.2572381,5.9568353,81.825559,90.0,90.0,1.42208,-0.0173017,14,415.845,1.4067,7.3333,0.5417,5.5737,3.0,6.0,1.3983,0
12.613639,8.9481433,14.044186,88.80742,90.0,90.0,2.9007,-0.844711,14,1584.8,1.1533,25.8333,0.6,7.6267,3.0,6.0,1.8868,0
11.681749,6.5232462,10.088833,80.599807,90.0,90.0,6.93323,-1.40081,14,758.475,0.96,25.6923,0.4043,1.7059,3.0,13.0,1.4112,0
12.503902,11.655315,12.170173,80.131118,90.0,90.0,3.71462,-0.640514,14,1747.4,1.1933,32.7692,0.625,5.5157,3.0,13.0,1.5933,0
15.334763,5.3728491,7.6509529,86.499219,90.0,90.0,3.35412,-0.116934,14,629.196,0.41,34.5,0.6923,0.7071,2.0,2.0,1.7208,0
15.896438,8.4623464,8.9233331,87.871569,90.0,90.0,5.88437,-1.60864,14,1199.55,0.9083,34.0,0.6389,1.3301,4.0,13.0,3.5302,0
12.705547,9.2333816,9.783197,89.625347,90.0,90.0,3.09306,-0.502364,14,1147.69,0.9083,22.1818,0.6379,4.4558,4.0,11.0,2.3919,0
17.26641,4.8774372,5.8647221,64.593543,90.0,90.0,3.64269,-0.510233,14,446.136,0.9267,21.6,0.6429,0.5477,3.0,5.0,0.9374,0
12.204556,6.4333931,7.3506102,67.250877,90.0,90.0,5.25436,-1.26667,14,532.248,0.84,25.7143,0.6316,0.7868,3.0,7.0,2.8502,0
10.588165,6.2312265,12.857415,80.265772,90.0,90.0,1.8452,0.140155,14,836.084,0.5733,10.5455,0.6452,0.5045,3.0,11.0,1.5474,0
11.90756,6.7019687,13.226552,85.888896,90.0,90.0,1.80668,-0.14486,14,1052.82,0.39,15.7778,0.6538,0.441,2.0,9.0,2.0845,0
17.226507,7.2065471,12.578396,89.175289,90.0,90.0,3.92242,-0.2682,14,1561.37,0.54,33.3333,0.625,1.1547,2.0,3.0,1.3927,0
12.981419,4.7651154,6.4161816,79.898374,90.0,90.0,3.3631,-1.14484,14,390.739,1.26,18.0,0.6429,0.5477,2.0,5.0,2.9038,0
12.021317,6.6714425,10.389739,80.551558,90.0,90.0,7.10811,-0.828855,14,821.948,0.96,28.4615,0.4043,1.7059,3.0,13.0,0.999,0
15.906431,7.3040345,14.808537,81.972379,90.0,90.0,3.66243,-1.17731,14,1703.61,1.0333,30.9231,0.4286,2.3507,3.0,13.0,2.4913,0
10.256205,9.1257656,10.708288,75.921613,90.0,90.0,4.54473,-0.738771,14,972.146,0.9067,46.5,0.4043,3.9428,4.0,12.0,1.37,0
13.848704,6.0547437,17.162647,73.296226,90.0,90.0,3.96151,-0.0590947,14,1378.37,0.51,32.3636,0.5152,1.3751,4.0,11.0,1.237,0
13.155277,7.4669874,11.484642,81.455045,90.0,90.0,4.66999,-1.00914,14,1115.62,1.7667,33.3,0.4324,7.4543,3.0,10.0,1.4506,0
13.609302,6.7917186,9.4634893,78.600188,90.0,90.0,0.583494,-0.0337646,14,857.459,0.34,2.8571,0.2857,6.6009,3.0,7.0,4.9183,0
14.330847,7.0016418,9.3649422,73.931346,90.0,90.0,4.06209,-1.02237,14,902.961,0.8533,39.0,0.5,7.746,3.0,6.0,0.4363,0
12.80915,6.6265596,16.537851,95.475385,90.0,90.0,1.08417,-0.692622,14,1397.34,0.765,4.6154,0.525,7.532,4.0,13.0,3.0804,0
11.588676,5.4209219,7.8997399,88.374361,90.0,90.0,3.18218,-0.682044,14,496.072,1.0667,17.6667,0.6154,7.746,3.0,6.0,0.9734,0
11.302755,6.6347337,16.191964,79.246205,90.0,90.0,1.8363,-0.231958,14,1192.92,0.492,9.0588,0.5192,7.4543,5.0,17.0,2.6536,0
12.821285,6.1368075,9.750471,85.923264,90.0,90.0,1.07891,-0.0154751,14,765.243,0.2,5.0769,0.3462,6.37,3.0,13.0,4.1919,0
10.470968,8.2407326,12.739605,80.253086,90.0,90.0,3.41008,-1.54831,14,1083.41,1.07,22.1818,0.7027,0.6467,4.0,11.0,3.078,0
10.755704,4.6895968,6.6172935,69.721664,90.0,90.0,5.23152,-0.230648,14,313.088,0.96,25.75,0.3793,1.893,3.0,4.0,2.0782,0
12.092734,5.6466833,8.2926522,87.468095,90.0,90.0,4.44252,-0.637333,14,565.701,1.0467,26.6667,0.6154,7.746,3.0,6.0,0.5334,0
12.450621,6.1858362,6.3553689,85.178557,90.0,90.0,4.35972,-1.30687,14,487.743,1.1267,34.5,0.5556,6.733,3.0,4.0,1.6755,0
16.896592,7.7597414,8.7806552,73.196121,90.0,90.0,5.91221,-0.533909,14,1102.1,0.3467,50.75,0.6522,1.2817,4.0,8.0,1.7673,0
11.405547,7.8170798,11.514612,58.076501,90.0,90.0,5.67092,-0.864378,14,871.349,1.2133,34.0,0.625,1.3229,3.0,9.0,2.2791,0
12.172084,8.0349143,11.106974,80.930593,90.0,90.0,2.77823,-1.30604,14,1072.7,1.0333,24.75,0.68,1.488,3.0,8.0,3.8303,0
13.186108,8.1504155,8.5521283,78.986329,90.0,90.0,2.80618,-1.19968,14,902.188,1.1533,24.5714,0.5417,7.6904,3.0,7.0,2.3834,0
12.157114,5.829402,7.0514288,66.571487,90.0,90.0,4.51032,-0.376779,14,458.527,0.64,26.8,0.5833,1.6432,3.0,5.0,1.6813,0
13.692703,7.2999997,11.338298,84.716329,90.0,90.0,1.48362,-0.625625,14,1128.52,1.0467,10.3333,0.6471,1.1547,4.0,12.0,1.971,0
10.604928,9.3807401,12.509158,88.571509,90.0,90.0,3.37263,-0.001355,14,1244.05,0.0,34.0,0.6667,0.0,1.0,1.0,1.625,0
14.622235,7.7433691,9.5705586,65.143545,90.0,90.0,2.1128,-0.631379,14,983.247,0.7783,23.5,0.6571,1.6021,4.0,6.0,1.6395,0
13.545329,7.1579849,10.170593,47.471798,90.0,90.0,1.93662,-0.171212,14,726.711,1.1267,13.5714,0.4737,7.4833,4.0,7.0,1.6855,0
11.798118,8.6708975,9.923421,85.751741,90.0,90.0,2.40824,-0.672492,14,1012.38,0.6853,13.1538,0.6623,0.8623,6.0,13.0,1.5306,0
12.881121,6.7360737,14.509628,79.293585,90.0,90.0,2.16251,-1.07181,14,1237.06,1.0333,20.4444,0.6897,1.3333,3.0,9.0,3.2907,0
12.736867,8.9847576,10.283059,78.161238,90.0,90.0,2.26769,-1.16827,14,1151.74,1.2533,17.0,0.6774,1.3038,3.0,5.0,2.3993,0
12.722805,6.2643257,7.5186578,74.52834,90.0,90.0,3.8317,-0.557134,14,577.521,1.1533,28.8,0.5909,6.5038,3.0,5.0,1.5162,0
14.54849,6.9892736,9.9769043,72.148244,90.0,90.0,4.43633,-1.02651,14,965.641,0.8533,45.0,0.5,7.746,3.0,6.0,0.4606,0
13.132903,5.8307595,8.7996369,78.898383,90.0,90.0,4.80905,-0.953246,14,661.221,1.1667,21.2,0.4444,1.7889,3.0,5.0,3.4888,0
15.897381,6.3386732,12.899548,74.790154,90.0,90.0,2.36711,-0.368699,14,1254.33,1.1933,25.25,0.6429,5.2644,3.0,8.0,2.0816,0
10.361027,8.151841,8.6130981,68.501447,89.990543,89.999368,2.00375,-0.542995,14,676.862,0.5733,10.2,0.6552,0.4216,3.0,10.0,2.7269,0
11.874435,5.5983241,10.201631,88.018694,90.0,90.0,5.78293,-1.75912,14,677.768,1.32,27.4444,0.4648,2.1794,3.0,9.0,0.7433,0
11.424795,7.5983716,7.9755923,65.836722,89.999414,89.998872,6.05669,-1.06482,14,631.697,1.1667,24.8,0.4444,1.7889,3.0,5.0,3.1032,0
12.710797,9.2104606,9.7822824,89.739171,90.0,90.0,4.05829,-0.343996,14,1145.22,0.5083,27.8182,0.6333,0.9342,4.0,11.0,2.2209,0
10.605492,6.9510465,7.4687081,74.859674,90.0,90.0,4.69871,-0.433468,14,531.476,0.38,32.4,0.6154,1.0954,3.0,5.0,1.7519,0
16.487074,8.5816477,9.1950795,87.81492,90.0,90.0,6.338,-1.49652,14,1300.03,0.875,39.5385,0.6389,1.3301,4.0,13.0,3.1461,0
12.537825,7.4119998,8.2470084,67.701342,90.0,90.0,1.62084,0.240819,14,709.085,0.8333,7.8182,0.6071,0.3015,3.0,11.0,3.9306,0
11.721901,7.9827507,8.7738354,70.596669,90.0,90.0,4.30991,-0.376811,14,774.365,0.61,52.5,0.6923,1.0,2.0,4.0,2.1401,0
15.974333,7.4777922,9.1977125,65.659933,90.0,90.0,4.84323,-0.366839,14,1001.04,0.64,34.8889,0.625,1.0,3.0,9.0,1.5802,0
13.946082,8.7430866,9.184054,78.946932,90.0,90.0,3.18539,-0.945541,14,1099.06,0.8533,32.2857,0.5417,7.6904,3.0,7.0,2.1469,0
10.195084,10.195084,10.195084,90.0,90.0,90.0,5.56753,-1.19187,201,1059.67,1.7467,25.2,0.625,6.6106,3.0,5.0,0.567,0
10.196054,10.196054,5.5843916,90.0,90.0,90.0,2.12002,-0.570803,113,580.551,0.6467,21.25,0.7037,0.7071,3.0,8.0,1.7635,0
12.159091,12.159091,5.1829361,90.0,90.0,90.0,1.89165,-0.267312,113,766.263,0.5733,10.381,0.65,0.4629,3.0,21.0,2.0274,0
10.214879,10.214948,10.384305,90.0,90.0,119.99977,1.98798,0.0794809,191,938.379,0.0,14.0,0.5,0.0,1.0,1.0,1.1182,0
10.226994,10.226994,10.226994,90.0,90.0,90.0,2.0056,0.0626397,223,1069.66,0.0,14.0,0.5,0.0,1.0,1.0,1.3129,0
11.471368,11.471368,11.471368,90.0,90.0,90.0,2.49189,0.225844,223,1509.54,1.66,8.381,0.4878,2.6186,2.0,21.0,0.1413,0
10.229157,10.229157,10.229157,97.693873,97.693873,137.07448,2.60542,-1.38705,79,678.4,1.2867,20.0,0.7,0.8165,3.0,6.0,1.7597,0
10.276049,10.276004,10.572959,90.0,90.0,120.00015,2.80809,-0.523834,194,966.89,0.7283,26.0,0.4062,6.7807,4.0,14.0,0.7457,0
10.415164,10.415164,17.036372,90.0,90.0,120.00004,1.98153,0.0550076,194,1600.44,0.0,14.0,0.5,0.0,1.0,1.0,1.3751,0
11.176429,11.17644,11.716439,90.0,90.0,119.99997,3.74361,-0.512398,194,1267.46,0.7617,43.1429,0.4062,6.7807,4.0,14.0,0.6532,0
10.295969,10.295969,10.042636,89.400221,89.400221,55.686438,6.94619,-0.375841,12,879.252,0.64,54.0,0.2903,2.4398,3.0,7.0,1.3157,0
13.980737,12.344382,4.2178025,89.953998,98.690851,92.143082,6.41193,-0.540563,12,719.053,1.1533,49.7391,0.6333,4.2384,3.0,23.0,0.8013,0
10.282486,10.282486,9.7398035,89.453255,89.453255,55.81023,6.43886,-0.333395,12,851.769,0.64,48.8571,0.2903,2.4398,3.0,7.0,1.5309,0
11.238509,12.292171,12.246144,90.0,90.000028,90.000001,4.71936,-1.38142,61,1691.75,1.7667,28.2222,0.6364,6.6144,3.0,9.0,2.6589,0
12.912194,13.116282,13.309216,90.0,90.0,90.0,6.18224,-0.443616,61,2254.05,0.64,54.0,0.3429,2.5071,3.0,8.0,1.9065,0
10.283969,10.445,10.602363,90.0,90.0,90.0,2.90861,-0.919007,61,1138.86,0.84,16.0,0.6957,0.7868,4.0,7.0,2.4555,0
10.307734,9.6238138,10.729613,79.108786,90.0,90.0,2.8213,-0.13464,13,1045.2,0.4,24.0,0.6383,0.5145,2.0,17.0,1.7288,0
13.845594,9.2336872,9.662836,70.49745,90.0,90.0,1.46296,-0.000409094,13,1164.48,0.0,16.0,0.6667,0.0,1.0,1.0,2.7519,0
10.308664,10.308664,10.308664,95.701848,95.701848,143.25407,3.08778,-0.97193,87,621.986,1.28,31.375,0.5217,7.7632,2.0,8.0,0.1625,0
13.616042,13.616042,13.616042,142.64302,142.64302,53.861382,5.7778,-0.92075,87,923.335,1.0267,45.5862,0.5056,2.1604,3.0,29.0,2.5889,0
10.687842,10.687842,13.806804,90.0,90.0,154.63917,3.87067,-1.38541,36,675.521,1.2467,41.0,0.625,9.2376,3.0,4.0,3.7393,0
13.833005,13.833005,8.9850874,90.001484,89.998516,139.6766,5.04314,-1.14709,36,1112.57,0.855,39.6667,0.5909,5.8912,4.0,18.0,0.8865,0
10.313919,10.313919,5.2442458,90.0,90.0,112.8178,6.82208,-0.58588,36,514.21,0.96,36.3333,0.3333,2.0656,3.0,6.0,2.2985,0
10.417834,10.417834,10.417834,108.51802,108.51802,108.51802,8.06545,-1.27234,161,899.789,0.96,31.3103,0.3393,1.8208,3.0,29.0,1.8599,0
10.554691,10.554691,10.554691,89.614911,89.614911,89.614911,4.39078,0.0347026,161,1175.73,0.2,25.2593,0.5645,0.9306,2.0,27.0,0.8683,0
10.51068,10.510692,7.4536395,90.0,90.0,120.00072,6.93084,-1.34526,176,713.112,0.7683,29.619,0.6316,0.9258,4.0,21.0,3.058,0
12.122277,12.122277,10.759029,90.0,90.0,120.0,2.22358,-0.685254,176,1369.22,0.678,17.5,0.6667,1.1952,5.0,8.0,2.1563,0
10.429354,10.429371,7.4323394,90.0,90.0,120.00021,6.86788,-1.83257,176,700.117,0.68,28.7619,0.6316,0.9258,4.0,21.0,2.3319,0
10.793069,10.793069,10.793069,109.47122,109.47122,109.47122,3.05745,-0.632256,206,967.861,0.87,20.4,0.375,7.1204,2.0,5.0,1.4442,0
12.032064,12.033023,12.031512,109.47679,109.46212,109.46291,8.17541,-0.618684,206,1341.15,0.96,34.0,0.359,1.9322,3.0,10.0,1.1426,0
10.444768,10.444768,10.444768,109.47122,109.47122,109.47122,2.04247,-0.70624,206,877.151,0.88,13.2,0.375,7.1204,2.0,5.0,1.6126,0
10.480566,10.480566,10.480566,89.795894,89.795894,89.795894,4.22603,-0.434303,155,1151.19,0.49,35.9412,0.5802,1.5219,2.0,17.0,1.3893,0
10.498668,10.498668,8.1194125,90.0,90.0,119.99948,3.60643,-0.936927,186,775.043,1.1733,33.2727,0.381,7.5015,3.0,11.0,1.5988,0
10.505072,10.505072,8.0371862,90.0,90.0,119.99955,3.2471,-1.01644,186,768.13,1.1533,30.0,0.381,7.5015,3.0,11.0,1.4114,0
10.879658,10.879658,8.3727988,90.0,90.0,119.99912,3.98253,-0.987938,186,858.293,1.1533,39.8182,0.381,7.5015,3.0,11.0,1.3496,0
10.53785,10.53785,10.53785,60.0,60.0,60.0,1.44623,0.372468,202,827.449,0.0,6.0,0.5,0.0,1.0,1.0,1.3537,0
11.861781,6.3551024,7.4017292,81.240337,90.0,90.0,2.20783,-0.906836,4,551.455,1.0333,21.0,0.6923,1.4142,3.0,8.0,2.2643,0
10.622795,5.3896616,5.6124772,86.736725,90.0,90.0,8.01448,-1.34561,4,320.812,0.9533,35.3333,0.6087,1.0541,3.0,9.0,2.2761,0
12.634709,9.2067385,9.735229,83.8947,90.0,90.0,3.50004,-0.994801,4,1126.02,0.6467,23.9091,0.5686,1.5289,3.0,22.0,2.7958,0
10.624936,7.4514827,8.1852692,73.435899,90.0,90.0,2.97365,-0.074401,4,621.147,0.4,21.6667,0.6471,0.5774,2.0,3.0,1.3229,0
10.53824,5.4096544,16.002967,96.204413,90.0,90.0,0.990158,0.427522,4,906.957,0.425,5.8333,0.525,7.2342,4.0,12.0,1.4902,0
12.196173,7.2479476,7.5482698,87.754707,90.0,90.0,3.53874,-0.708635,4,666.734,1.2533,19.0,0.6667,1.4142,3.0,4.0,1.6583,0
10.538722,10.538722,10.538722,129.69946,129.69946,73.887689,4.7648,-1.39666,140,675.862,1.5033,44.8889,0.4333,7.1024,4.0,9.0,1.016,0
10.561291,10.561291,10.561291,129.09499,129.09499,74.857781,4.88248,-1.37752,140,691.112,1.5033,46.8889,0.4333,7.1024,4.0,9.0,0.9377,0
14.430327,14.430327,14.430327,90.0,90.0,90.0,3.87071,-1.1112,218,3004.89,1.1733,41.1111,0.5625,7.7208,3.0,9.0,2.2187,0
12.838523,12.838523,12.838523,90.0,90.0,90.0,4.2578,-1.02458,218,2116.14,0.82,33.1111,0.4375,6.7536,3.0,9.0,1.1068,0
12.572966,12.572966,12.572966,90.0,90.0,90.0,3.65583,-0.997718,218,1987.53,0.8267,27.1111,0.4375,6.7536,3.0,9.0,1.0416,0
13.133181,13.133181,13.133181,90.0,90.0,90.0,4.11276,-1.00823,218,2265.22,0.8667,33.1111,0.4375,6.7536,3.0,9.0,1.0874,0
10.55243,10.55243,10.55243,90.0,90.0,90.0,5.1516,-0.183332,218,1175.05,0.6333,29.9259,0.5645,1.0834,3.0,27.0,1.409,0
13.219184,13.219184,13.219184,90.0,90.0,90.0,4.28895,-0.9545,218,2310.01,0.8667,35.1111,0.4375,6.7536,3.0,9.0,1.0113,0
13.710447,13.710447,13.710447,90.0,90.0,90.0,3.31929,-0.0820587,218,2577.24,1.11,34.5,0.4,9.1924,2.0,2.0,1.5714,0
12.845138,12.845138,12.845138,90.0,90.0,90.0,2.80021,-0.222311,218,2119.42,1.19,25.5,0.4,9.1924,2.0,2.0,0.9468,0
12.922394,12.922394,12.922394,90.0,90.0,90.0,4.44941,-0.986858,218,2157.89,0.82,35.1111,0.4375,6.7536,3.0,9.0,0.7536,0
13.317336,13.317336,13.317336,90.0,90.0,90.0,3.55601,-0.203695,218,2361.85,1.19,34.5,0.4,9.1924,2.0,2.0,1.0677,0
13.180369,13.180369,13.180369,90.0,90.0,90.0,2.63522,-0.0506611,218,2289.72,1.08,25.5,0.4,9.1924,2.0,2.0,1.3536,0
10.818159,10.818159,10.818159,90.0,90.0,90.0,5.7355,-0.0892116,218,1266.08,0.4333,35.2593,0.5645,1.0834,3.0,27.0,1.0124,0
13.488043,13.488043,13.488043,90.0,90.0,90.0,4.74829,-1.00052,218,2453.84,0.86,41.1111,0.4375,6.7536,3.0,9.0,0.9866,0
10.585661,10.585661,10.026335,90.0,90.0,105.18819,1.97857,0.0960364,63,1084.27,0.0,14.0,0.5,0.0,1.0,1.0,1.2955,0
10.608051,10.608051,10.608051,109.47122,109.47122,109.47122,4.96044,-1.13258,230,918.935,0.975,15.95,0.4463,3.7201,4.0,20.0,1.8991,0
10.6187,10.6187,7.5341299,90.0,90.0,120.0,5.41101,-0.582226,144,735.71,1.2133,22.4,0.6154,1.3038,3.0,5.0,2.8604,0
10.647451,10.647451,10.647451,129.7569,129.16511,74.270929,1.70617,0.382244,71,701.388,0.0,6.0,0.5,0.0,1.0,1.0,0.9463,0
10.679161,10.679161,10.782142,89.962889,89.962889,54.696396,7.04105,-0.293242,5,1003.51,0.5733,61.7143,0.2903,2.4398,4.0,7.0,1.2808,0
12.325327,12.325327,8.8661405,84.373944,84.373944,26.98131,7.54275,-1.30688,5,607.969,0.9467,31.027,0.5943,2.7221,3.0,37.0,2.6967,0
10.900195,10.900195,10.900195,60.0,60.0,60.0,4.47525,0.0247704,227,915.773,0.0,32.0,0.5,0.0,1.0,1.0,0.6677,0
11.62105,11.62105,11.62105,60.0,60.0,60.0,3.11281,-1.05513,227,1109.74,0.985,17.8462,0.6579,1.3445,4.0,13.0,2.4062,0
10.747321,10.747321,10.747321,60.0,60.0,60.0,3.35074,-0.829214,227,877.78,1.1267,25.0,0.6,4.8329,3.0,8.0,2.1547,0
10.778314,10.778314,10.778314,109.47122,109.47122,109.47122,3.66548,-1.53913,214,963.897,1.1067,33.4286,0.5625,7.7828,3.0,7.0,2.1567,0
12.894087,12.894087,12.894087,109.47122,109.47122,109.47122,4.21334,-1.42977,214,1650.25,1.3017,24.6667,0.5,6.8313,4.0,6.0,2.75,0
10.780011,10.780011,10.780011,114.25817,114.25817,114.25817,5.88602,-0.394094,160,746.305,0.2667,39.6429,0.6164,0.9172,3.0,28.0,1.5735,0
15.160125,15.161036,15.160657,118.74231,118.73654,118.73892,2.01312,-0.0260821,160,1010.52,0.32,20.5714,0.6706,0.378,3.0,28.0,2.1133,0
15.164899,15.164899,15.164899,118.84044,118.84044,118.84044,2.17577,-0.0516008,160,970.714,0.4067,21.2143,0.6706,0.378,3.0,28.0,2.3139,0
10.811497,10.811497,10.811497,109.47122,109.47122,109.47122,1.96553,0.109867,217,972.827,0.0,14.0,0.5,0.0,1.0,1.0,1.1937,0
12.526375,12.526375,12.526375,109.47122,109.47122,109.47122,1.97245,-0.333104,217,1513.05,0.6286,14.1333,0.6341,1.0601,7.0,15.0,3.313,0
17.121015,17.121015,17.121015,109.47122,109.47122,109.47122,0.824403,-1.46153,217,3863.37,1.59,12.6667,0.625,8.6603,2.0,3.0,6.6506,0
10.834678,10.690702,14.007486,90.0,90.0,90.0,1.87499,-0.385955,60,1622.49,1.37,15.8571,0.569,5.9614,2.0,14.0,1.9128,0
11.096015,11.035877,14.500608,90.0,90.0,90.0,2.23361,-0.391915,60,1775.66,1.37,19.7143,0.569,5.9614,2.0,14.0,1.9336,0
11.156396,11.579028,15.524335,90.0,90.0,90.0,3.57883,-0.284165,60,2005.44,1.36,33.8571,0.569,5.9614,2.0,14.0,1.4803,0
10.835048,15.607782,17.039076,90.0,90.0,90.0,3.40057,-0.522811,29,2881.5,1.1533,29.3636,0.6226,5.9498,3.0,11.0,1.3949,0
10.839323,10.839323,10.839323,90.0,90.0,90.0,3.57648,-1.38662,225,1273.52,1.58,32.6667,0.6667,6.9362,3.0,9.0,1.4364,0
11.318377,11.318377,11.318377,90.0,90.0,90.0,3.99842,-1.14205,225,1449.95,1.4467,41.3333,0.68,7.0,3.0,9.0,2.1599,0
10.880201,10.880201,10.880201,109.13041,109.13041,110.15501,6.24424,-1.37389,88,991.385,1.1667,20.8,0.4118,1.7889,3.0,5.0,1.3597,0
10.905077,10.905077,8.7203411,90.0,90.0,90.0,0.908304,-0.0125154,138,1037.03,0.0,17.0,0.7143,0.0,1.0,1.0,2.478,0
11.102028,11.102028,11.27886,90.0,90.0,90.0,3.37822,-0.975466,138,1390.18,1.24,28.1818,0.6571,3.8305,3.0,11.0,1.3116,0
11.129578,11.129578,11.285565,90.0,90.0,90.0,2.94486,-0.945921,138,1397.91,1.22,25.2727,0.6571,3.8305,3.0,11.0,1.3488,0
10.998196,10.998196,10.548099,90.0,90.0,90.0,4.2899,-0.767498,85,1275.9,0.76,32.0909,0.6901,0.8202,3.0,11.0,1.3464,0
12.572284,12.572284,8.6703279,90.0,90.0,90.0,6.6105,-1.06374,85,1370.45,0.74,48.6957,0.6462,1.4016,3.0,23.0,2.9192,0
10.998746,10.998746,5.3558118,90.0,90.0,120.0,1.70782,0.123691,143,561.103,0.0,16.0,0.6667,0.0,1.0,1.0,1.4005,0
12.797998,12.797998,12.797998,90.0,90.0,90.0,3.03753,-1.47237,205,2096.17,1.1267,20.8571,0.5625,5.113,3.0,7.0,3.6494,0
12.101633,12.101633,12.101633,90.0,90.0,90.0,2.93983,-0.665036,205,1772.28,0.95,34.4,0.6875,1.3416,2.0,5.0,2.9473,0
12.924662,12.924662,12.924662,90.0,90.0,90.0,3.29614,-0.381602,205,2159.02,0.76,45.2,0.6875,1.3416,2.0,5.0,2.8168,0
13.406631,13.406631,13.406631,90.0,90.0,90.0,3.78245,-0.887597,205,2409.68,1.36,56.8,0.625,5.8138,2.0,5.0,3.2442,0
11.442056,11.442056,11.442056,90.0,90.0,90.0,8.26428,-1.22363,205,1498.0,1.42,38.0,0.6429,0.5477,2.0,5.0,2.6055,0
13.354065,13.354065,13.354065,90.0,90.0,90.0,6.85805,-0.452184,205,2381.44,0.485,56.2222,0.3425,2.1843,4.0,18.0,1.0215,0
13.330197,13.330197,13.330197,90.0,90.0,90.0,6.65035,-0.433978,205,2368.7,0.64,54.4444,0.3425,2.1843,3.0,18.0,0.9702,0
12.494393,12.494393,12.494393,90.0,90.0,90.0,6.6758,-0.496062,205,1950.5,0.6067,45.2222,0.3425,2.1843,4.0,18.0,1.2819,0
12.829624,12.829624,12.829624,90.0,90.0,90.0,3.6499,-0.286581,205,2111.75,0.65,48.8,0.6875,1.3416,2.0,5.0,1.9686,0
11.016561,11.016561,11.016561,90.0,90.0,90.0,1.13353,0.487193,205,1337.02,0.49,6.3333,0.5385,0.5774,2.0,3.0,3.1072,0
12.963412,12.963412,12.963412,90.0,90.0,90.0,7.2682,-0.293292,205,2178.5,0.64,54.5556,0.2658,2.3452,3.0,9.0,0.7298,0
11.434679,11.434679,11.434679,90.0,90.0,90.0,0.783891,-0.229782,205,1495.11,0.4333,2.9412,0.3125,6.1057,3.0,17.0,5.6077,0
11.047295,12.286607,12.936029,90.0,90.0,90.0,4.35214,-1.1344,55,1755.86,1.23,35.8571,0.3913,6.9488,2.0,7.0,0.5868,0
11.373592,12.699437,13.495791,90.0,90.0,90.0,4.3768,-1.03986,55,1949.31,1.3,38.4286,0.3913,6.9488,2.0,7.0,0.7444,0
11.070676,11.871566,11.07199,62.19406,119.99739,117.81107,5.00572,-1.07573,148,1061.74,1.1383,48.2143,0.575,6.4893,4.0,28.0,0.1258,0
12.245598,12.245598,12.245598,127.53758,127.53758,77.37534,2.94278,-1.04957,142,1120.06,0.9067,19.6667,0.5938,5.2409,3.0,6.0,2.1242,0
11.459738,11.459738,11.459738,124.65654,124.65654,82.107698,1.82319,-0.0576748,142,979.045,1.08,16.5,0.4,9.1924,2.0,2.0,1.1831,0
12.504731,12.504731,12.504731,125.88373,125.88373,80.079314,2.93133,-0.311156,142,1239.1,0.57,21.3333,0.625,1.1547,2.0,3.0,2.1594,0
11.076251,11.076251,11.076251,131.10019,131.10019,71.653952,1.79861,0.418495,142,754.973,1.73,12.5,0.4,9.1924,2.0,2.0,2.7211,0
12.501815,12.501815,12.501815,131.6496,131.6496,70.783017,2.2124,-0.182179,142,1068.61,0.62,8.4,0.375,7.1204,2.0,5.0,0.1485,0
12.646881,12.646881,12.646881,130.91743,130.91743,71.944297,1.32531,-0.539271,142,1129.66,1.1533,4.2857,0.375,6.7436,3.0,7.0,3.0271,0
13.057551,13.057551,13.057551,124.97282,124.97282,81.58305,5.40435,-0.229095,142,1438.8,1.51,59.5,0.4,9.1924,2.0,2.0,0.4251,0
11.909505,11.909505,11.909505,124.68912,124.68912,82.053586,2.74727,-0.0327554,142,1098.16,1.08,25.5,0.4,9.1924,2.0,2.0,1.1362,0
12.195384,12.195384,12.195384,127.58959,127.58959,77.290826,3.89702,-1.04056,142,1104.96,0.9,24.3333,0.6129,5.2409,3.0,6.0,2.1538,0
11.078136,11.077943,9.8462445,89.995425,90.000697,120.0084,3.1432,-0.316542,147,1046.38,0.4333,31.1429,0.65,1.2536,3.0,7.0,2.1739,0
11.205788,11.205788,11.205788,90.0,90.0,90.0,2.32132,0.261432,200,1407.11,1.6,7.5238,0.4878,2.6186,2.0,21.0,0.3097,0
11.213854,11.213854,4.9637626,90.0,90.0,90.0,2.55746,-1.73504,126,624.196,1.54,10.0,0.625,1.1547,2.0,3.0,0.2976,0
11.216045,11.131132,11.201887,90.0,90.0,90.0,2.94358,-0.946227,56,1398.53,1.22,25.2727,0.6571,3.8305,3.0,11.0,1.3158,0
11.234959,11.484959,16.432248,90.0,90.0,89.999743,3.36193,-0.353832,33,2120.3,0.7,45.2,0.6875,1.3499,3.0,10.0,1.4697,0
11.412158,11.434749,13.101392,90.0,90.0,90.0,4.49427,-0.845365,57,1709.67,1.24,37.3846,0.6585,3.5027,3.0,13.0,1.0195,0
11.451746,11.472611,13.097339,90.0,90.0,90.0,4.12846,-0.822268,57,1720.75,1.22,34.9231,0.6585,3.5027,3.0,13.0,1.0186,0
11.885917,9.7270221,8.1307944,82.920384,54.304266,42.752161,4.12374,-0.997037,43,431.578,1.3,32.5714,0.4615,6.9488,2.0,7.0,0.4786,0
11.776527,9.552905,8.0973072,83.267122,53.667036,43.065842,4.55207,-0.940709,43,410.42,1.23,35.1429,0.4615,6.9488,2.0,7.0,0.6253,0
13.51091,10.208438,9.535505,86.29118,48.936989,44.771831,3.14624,-0.240894,43,456.848,0.8533,22.0,0.6,3.9405,3.0,9.0,0.8296,0
11.443701,9.3360191,7.7786335,83.393529,54.135465,42.471006,3.46573,-0.920737,43,370.613,1.24,24.8571,0.4615,6.9488,2.0,7.0,0.9167,0
13.101879,12.94218,9.2262712,70.182461,68.327488,41.496588,2.33771,-0.872556,43,958.341,1.22,20.8,0.68,3.3381,3.0,15.0,2.8184,0
11.493674,11.493674,11.493674,99.831813,99.831813,131.18457,7.58783,-1.13707,141,1040.58,1.1667,35.1429,0.4783,1.4639,3.0,7.0,2.8764,0
14.622134,14.622134,14.622134,143.71414,143.71414,52.254975,5.54487,-0.314828,141,1088.64,0.66,62.0,0.3846,2.8868,2.0,3.0,1.3503,0
11.494985,11.494985,6.4822818,90.0,90.0,90.0,1.79733,-0.627152,86,856.534,0.6467,14.0,0.6667,1.1547,3.0,4.0,3.8519,0
13.574544,13.574544,8.4610647,90.0,90.0,90.0,1.7449,0.194651,86,1559.11,0.5667,23.0,0.6667,1.1547,3.0,4.0,2.4869,0
11.738835,11.023291,6.546313,79.392592,67.368364,33.239044,5.74895,-0.393526,70,412.372,1.1733,23.5385,0.4583,6.4659,4.0,13.0,1.1383,0
12.401572,10.719119,8.7871516,78.264815,57.80818,43.927005,3.72346,-0.42219,70,652.642,0.6733,26.1667,0.3529,6.7651,3.0,6.0,0.0939,0
14.325251,11.854435,11.758863,74.695596,52.956083,52.348254,2.37239,-1.41529,70,1244.68,1.0533,15.7143,0.5625,5.113,3.0,7.0,3.53,0
11.785972,11.785972,4.2065142,90.0,90.0,90.0,1.77617,0.423689,102,584.323,0.46,13.0,0.6471,0.5774,2.0,3.0,1.6599,0
14.356403,14.356403,4.260476,90.0,90.0,90.0,6.40597,-0.406806,102,878.111,1.1933,46.8,0.2414,5.0114,3.0,15.0,0.6109,0
11.854476,11.854476,5.4244449,90.0,90.0,90.0,4.80709,-0.667759,135,762.29,1.3933,24.4,0.4444,6.9498,3.0,5.0,0.0579,0
11.885295,11.88536,11.885624,59.999261,59.99892,59.998302,3.94895,-0.358532,203,1187.18,1.1533,30.8,0.6442,5.4782,3.0,20.0,1.0891,0
12.09971,12.09971,12.09971,60.0,60.0,60.0,4.22809,-0.340164,203,1252.59,1.1533,34.4,0.6442,5.4782,3.0,20.0,0.9046,0
11.959882,11.959882,17.18294,90.0,90.0,90.0,4.1288,-1.07365,136,2457.83,0.5867,32.0952,0.3971,6.6379,4.0,21.0,0.9173,0
11.965618,11.965618,11.965618,131.96754,130.42086,71.51196,6.43715,-0.222173,74,948.99,0.44,54.0,0.2903,2.4398,3.0,7.0,1.3081,0
12.365199,12.365199,12.365199,118.39706,116.81974,94.199869,2.12367,-0.526821,74,1380.88,0.6467,20.4,0.7059,0.6325,3.0,10.0,1.6752,0
11.977378,11.977378,8.0704071,84.008132,84.008132,142.99625,4.75123,-0.728414,8,658.039,1.2467,59.5385,0.4255,5.8955,3.0,13.0,1.7202,0
14.872932,14.872932,9.3919228,78.218645,78.218645,61.319921,3.0708,-1.02132,8,1770.56,0.6467,20.2162,0.5747,1.5067,3.0,37.0,3.1127,0
11.980281,11.980281,5.9984622,90.0,90.0,115.38004,6.82221,-1.1361,37,777.848,1.1867,28.9565,0.5909,2.8333,3.0,23.0,2.3493,0
12.071996,12.071996,12.071996,133.25286,127.8886,72.581584,4.17546,-0.750351,72,988.418,0.8883,35.4667,0.6061,6.7238,4.0,15.0,1.6585,0
12.177147,12.177147,4.3492472,90.0,90.0,90.0,6.60607,-1.30954,127,644.919,1.4683,38.0,0.3462,5.3675,4.0,7.0,1.603,0
13.8509,13.8509,4.6998152,90.0,90.0,90.0,6.82383,-0.345151,127,901.647,0.3717,54.2857,0.3704,2.1931,4.0,7.0,1.6603,0
15.798373,15.798373,9.9571002,90.0,90.0,90.0,1.2847,-2.73726,127,2485.18,1.54,10.0,0.625,1.1547,2.0,3.0,5.8713,0
12.276481,12.276481,11.196929,90.0,90.0,90.0,4.24462,-2.00785,78,1687.51,1.6267,19.2,0.6154,6.261,3.0,5.0,2.9288,0
12.329951,12.329941,12.329951,119.87889,119.88279,90.206535,2.146,-0.540377,46,1327.84,0.6467,18.3636,0.7027,0.6467,3.0,11.0,2.2848,0
12.558936,12.558936,12.558936,119.3445,119.27506,91.199727,2.24219,-0.679956,46,1414.97,0.7067,20.0,0.7027,0.6467,3.0,11.0,1.8015,0
12.390211,12.390211,12.390211,117.58748,117.58748,94.231996,2.93694,-0.122762,122,1389.94,0.3133,29.7778,0.6538,0.8333,3.0,9.0,2.0813,0
16.114641,16.114641,16.114641,159.07057,159.07057,29.768076,3.81829,-1.73366,122,533.673,1.7667,18.2667,0.4737,6.3748,3.0,15.0,2.0328,0
12.400887,12.400887,12.400887,58.026842,58.026842,58.026842,4.00166,-1.14521,167,1287.45,1.0333,32.9,0.661,1.5183,3.0,20.0,1.8192,0
12.503889,12.503943,11.728122,65.465222,65.46525,100.12503,2.21238,-0.448728,9,1376.61,0.5483,15.7778,0.6364,6.7082,4.0,9.0,3.4128,0
12.64016,12.64016,12.64016,90.0,90.0,90.0,2.37134,-2.32662,224,2019.56,1.54,10.0,0.625,1.1547,2.0,3.0,1.9992,0
12.639643,12.639643,12.639643,127.12028,129.25903,76.330698,4.0371,-0.312344,73,1211.56,0.3733,27.0,0.6471,0.5164,3.0,6.0,1.4836,0
12.771749,6.6836068,6.6920959,75.757794,90.000044,89.999959,5.16748,-0.788854,7,553.689,1.29,40.6667,0.5,7.5056,2.0,3.0,0.4235,0
17.047075,3.9634585,17.963528,83.687802,87.552164,83.101703,5.48225,-0.400504,1,1197.09,0.3533,36.6087,0.629,0.7827,3.0,23.0,0.8554,0
13.416019,6.9250612,6.9242301,75.245071,73.478997,70.488468,4.2387,-0.759757,1,572.181,1.1533,39.0,0.6111,7.3485,3.0,4.0,1.5316,0
13.323933,6.629591,6.6269394,78.029093,69.629676,76.462066,4.00702,-0.760328,1,528.4,1.1533,34.5,0.6111,7.3485,3.0,4.0,1.3902,0
12.834679,6.6987068,6.7342939,75.507437,73.540479,70.066823,3.50393,-0.782656,1,514.357,1.1733,30.0,0.6111,7.3485,3.0,4.0,1.9513,0
12.924047,12.924047,12.924047,60.0,60.0,60.0,2.18176,-0.879909,219,1526.44,1.15,21.0909,0.6765,1.4013,2.0,11.0,3.1475,0
13.104675,13.104675,13.104675,60.0,60.0,60.0,1.53551,-1.16378,219,1591.34,1.26,16.1818,0.6765,1.4013,2.0,11.0,4.7647,0
13.403067,13.403067,7.12273,90.0,90.0,149.11304,4.14018,-1.8519,66,656.848,1.1267,30.0,0.5,6.8291,3.0,12.0,0.5088,0
13.411552,13.411552,13.411552,158.32691,158.32691,30.83888,4.13547,-1.85218,139,328.797,1.1267,30.0,0.5,6.8291,3.0,12.0,0.5051,0
13.712984,13.712984,9.6863075,90.0,90.0,120.0,4.16724,-1.23342,145,1577.44,1.58,37.2,0.4412,6.9426,3.0,5.0,2.0362,0
13.822405,13.822405,7.5175639,90.0,90.0,90.0,2.88584,-0.778536,84,1436.3,0.8967,25.4545,0.6176,6.3211,4.0,22.0,2.4052,0
14.203184,7.1708882,7.6463149,67.655411,90.0,90.0,4.46634,-1.54919,14,720.298,1.7467,23.5556,0.6304,4.899,3.0,9.0,3.1226,1
10.362344,5.9016148,9.0261312,89.631037,90.0,90.0,4.32227,-1.88383,14,551.978,1.3667,17.7778,0.5625,5.5101,4.0,9.0,2.6659,1
12.780625,7.6523087,7.9843874,88.273511,90.0,90.0,2.38791,-1.37983,14,780.529,1.3733,9.7143,0.625,7.0321,4.0,14.0,5.6549,1
15.706255,6.9595344,10.682243,89.338085,90.0,90.0,3.48007,-2.48123,14,1167.58,1.5133,27.0,0.625,7.0899,3.0,10.0,4.7066,1
11.753919,6.4844824,10.444813,71.085478,90.0,90.0,2.2047,-1.22274,14,753.098,0.968,7.5,0.625,7.2927,5.0,16.0,3.0573,1
14.245139,5.1088252,6.425772,69.697494,90.0,90.0,3.19836,-1.49549,14,438.589,1.3133,14.7692,0.7045,0.8321,3.0,13.0,2.8416,1
11.159871,7.1967338,7.5697394,74.924135,90.0,90.0,2.95745,-1.47356,14,587.036,1.3333,9.2308,0.56,7.2801,4.0,13.0,3.4153,1
11.938525,6.5016665,7.0546731,73.667216,90.0,90.0,3.76213,-1.52432,14,525.488,1.3883,16.75,0.5714,6.112,4.0,8.0,3.2728,1
10.558012,9.7237226,5.507073,89.995249,121.88904,90.001826,3.26411,-1.92362,14,480.043,1.5917,15.1429,0.625,7.3193,4.0,7.0,5.1602,1
15.544263,6.3063258,7.7848211,67.178294,90.0,90.0,3.29654,-1.43963,14,703.384,1.375,16.2,0.56,6.5828,4.0,10.0,3.4168,1
10.633779,7.5900348,11.043134,70.589572,90.00137,90.000318,2.8957,-3.26451,14,840.64,1.7467,12.1333,0.5833,6.3793,4.0,15.0,4.6744,1
15.59956,5.5980434,10.657184,79.970719,90.0,90.0,2.288,-2.14744,14,916.439,1.415,7.6,0.5312,7.642,4.0,10.0,3.9728,1
13.315763,5.0886349,5.3387444,64.930929,90.0,90.0,1.72288,-1.25576,14,327.671,1.035,7.0,0.6154,7.7974,4.0,6.0,4.81,1
11.973919,6.6968079,9.6059536,83.48165,90.0,90.0,3.2442,-1.87406,14,765.294,1.35,12.5714,0.6094,6.2476,4.0,14.0,3.3504,1
10.177253,6.0586858,11.959719,71.131362,90.0,90.0,0.724309,-0.356155,14,697.817,0.8267,3.2308,0.4375,7.0165,3.0,13.0,5.1101,1
11.218764,5.7444072,8.6821549,77.25089,90.0,90.0,3.90302,-1.51852,14,545.728,1.2733,18.0,0.5476,5.8737,4.0,8.0,3.268,1
15.801328,6.8671589,11.731424,88.912942,90.0,90.0,1.22781,-0.553299,14,1272.75,0.594,4.7692,0.5244,7.325,5.0,26.0,3.067,1
10.863382,8.0002453,8.9798033,73.504578,90.0,90.0,3.4818,-1.86778,14,748.312,1.4467,16.3636,0.6071,5.6052,4.0,11.0,3.5115,1
10.180313,9.6175866,5.3518342,89.999738,60.173015,90.001641,2.75377,-1.9111,14,454.585,1.5767,12.5714,0.625,7.3193,4.0,7.0,5.078,1
10.190752,7.7494308,8.4702883,85.583764,90.0,90.0,4.06238,-1.05906,14,666.934,1.2967,15.3333,0.6333,6.7487,4.0,12.0,3.5888,1
11.075987,7.6973183,8.7106444,73.092156,90.001008,89.998745,2.82267,-2.72318,14,710.528,1.4717,13.0909,0.6071,5.6052,4.0,11.0,5.0646,1
10.443456,5.5544163,12.411417,79.558003,90.0,90.0,3.28657,-2.20658,14,708.03,1.26,11.2414,0.5938,6.8249,5.0,29.0,5.4557,1
13.175005,4.5999913,7.6761661,73.423561,90.0,90.0,2.88882,-1.52729,14,445.879,1.3833,14.3333,0.5833,7.5277,4.0,6.0,4.3221,1
10.167397,6.4621221,6.5992283,65.334758,90.0,90.0,1.59254,-1.23143,14,394.029,1.415,6.0,0.5417,7.9418,4.0,8.0,4.9515,1
12.646391,4.2618234,6.9857586,79.268021,90.0,90.0,2.09976,-0.89877,14,369.924,0.8267,7.0,0.5417,7.9418,3.0,8.0,4.3572,1
11.433003,5.3491967,10.281402,81.128217,90.0,90.0,0.931225,-0.169113,14,621.261,0.7733,3.2,0.3333,6.3546,4.0,15.0,4.7605,1
10.251803,6.8943896,9.4136554,75.362225,90.0,90.0,1.64111,-0.99416,14,643.761,0.8773,5.125,0.5536,7.4285,6.0,16.0,5.0836,1
12.516225,7.2475426,7.2702794,59.93583,90.000187,89.998523,2.79683,-2.78015,14,570.775,1.54,10.0,0.625,1.1547,2.0,3.0,5.5454,1
11.643471,6.4581579,7.2354155,50.375021,90.0,90.0,3.10761,-2.57142,14,419.062,1.28,12.0,0.55,5.9281,4.0,8.0,2.9956,1
14.109032,3.9132994,6.1260577,89.69243,90.0,90.0,5.47791,-1.78861,14,338.232,1.7467,22.0,0.5,6.5017,3.0,11.0,2.3134,1
12.547274,7.9516169,10.829035,87.833844,90.0,90.0,1.40908,-0.656699,14,1079.65,0.672,8.7692,0.58,7.4944,5.0,13.0,4.974,1
10.273859,5.639426,12.00046,81.642555,90.0,90.0,1.30466,-0.601107,14,687.907,0.7017,4.0,0.5,7.2355,4.0,18.0,3.2082,1
11.299395,6.4656537,7.9944894,72.348728,90.0,90.0,3.37954,-1.23204,14,556.563,1.272,14.7059,0.5938,7.838,5.0,17.0,3.3069,1
14.502173,6.1980365,8.6944527,75.355378,90.0,90.0,3.21393,-2.6037,14,756.112,1.22,10.0,0.625,1.2111,3.0,6.0,5.3011,1
10.055916,6.8777842,7.6756843,88.908508,90.0,90.0,2.13148,-1.14724,14,530.773,1.276,7.8182,0.5,7.4346,5.0,11.0,3.8205,1
10.906497,8.3009239,9.4520312,68.719182,90.0,90.0,2.41617,-1.09471,14,797.38,0.8087,11.5,0.6667,1.0445,6.0,12.0,2.8337,1
11.874674,8.4344982,8.8687259,67.796417,90.0,90.0,2.01559,-1.35513,14,822.397,1.4233,16.4,0.5714,7.4111,4.0,15.0,3.1378,1
10.256067,9.1157525,12.120354,72.697059,90.0,90.0,1.68572,-1.31946,14,1081.87,1.38,6.2667,0.5417,7.7294,4.0,15.0,5.2366,1
10.415398,6.6696961,6.8127792,66.487433,90.0,90.0,2.1263,-1.17917,14,433.973,1.3817,8.25,0.5417,7.9418,4.0,8.0,4.2496,1
11.882453,5.9453235,6.9185911,76.750581,90.0,90.0,5.11553,-0.855883,14,475.754,0.9333,20.25,0.4615,4.0356,4.0,8.0,2.9207,1
16.360234,6.2292013,8.0547049,89.561377,90.0,90.0,4.61172,-2.15708,14,820.841,1.2783,19.3846,0.4324,5.956,4.0,13.0,3.4926,1
10.608723,8.4365664,8.9866409,100.37315,90.0,90.0,2.08245,-2.32972,14,791.169,1.3233,9.3846,0.5938,6.0627,4.0,13.0,2.4765,1
11.970106,6.9568879,11.450527,69.959898,90.0,90.0,1.21693,-0.321281,14,895.805,0.7017,4.5263,0.5312,7.1668,4.0,19.0,3.3343,1
12.145753,4.0579773,6.7526715,79.182471,90.0,90.0,1.4729,-0.953154,14,326.906,0.8267,4.75,0.5417,7.9418,3.0,8.0,5.2001,1
16.497515,4.3394872,5.991927,82.341653,90.0,90.0,1.64266,-0.126278,14,425.14,1.48,8.6667,0.5417,5.5737,3.0,6.0,3.1604,1
11.828291,6.6657399,6.7638857,72.896017,90.0,90.0,1.65818,-0.520629,14,509.708,1.31,6.0,0.375,6.4878,4.0,11.0,2.1502,1
11.072882,7.8568679,8.8012158,74.428791,90.0,90.0,3.13668,-2.72848,14,737.587,1.4717,14.7273,0.6071,5.6052,4.0,11.0,5.035,1
12.3469,5.3720161,11.837166,87.900356,90.000065,89.999776,5.20062,-1.42469,14,784.605,1.3333,22.3333,0.5303,5.3767,4.0,12.0,2.9746,1
11.238774,6.5549764,6.7938493,72.910921,90.0,90.0,1.94504,-1.69264,14,478.405,1.514,7.7778,0.5882,7.9215,5.0,9.0,6.5423,1
10.62413,5.7694979,8.8784833,63.251509,90.0,90.0,1.7379,-1.07047,14,485.979,1.0667,6.1905,0.575,7.4741,4.0,21.0,2.4391,1
11.192653,4.2728084,11.131054,83.101681,90.0,90.0,1.28318,-0.359042,14,528.479,0.7017,4.1538,0.5,7.2067,4.0,13.0,4.6273,1
10.936647,4.7549469,5.6487378,83.864372,90.0,90.0,3.93407,-3.23793,14,292.07,1.48,14.7273,0.5714,5.1399,3.0,11.0,4.929,1
10.352786,5.7042156,7.4326738,79.68256,90.0,90.0,3.77526,-1.44755,14,431.836,0.9617,14.375,0.4898,1.8851,4.0,8.0,1.6875,1
10.341,5.104792,8.612109,91.567514,90.008273,90.004839,3.4425,-3.5815,14,454.451,1.62,12.0,0.6458,6.7165,4.0,9.0,7.173,1
10.001433,5.9599258,10.393608,90.25022,90.0,90.0,4.14059,-1.2111,14,619.534,1.0183,14.0,0.5,4.3618,4.0,13.0,3.0999,1
11.006222,7.9121334,9.6704272,65.255358,90.0,90.0,2.03294,-1.7251,14,764.805,1.3117,7.375,0.5938,7.4072,4.0,16.0,5.6103,1
10.059406,9.2791958,11.793564,59.904103,90.0,90.0,1.87824,-1.30877,14,952.441,1.216,10.3077,0.629,6.5398,5.0,13.0,4.7385,1
10.835518,7.9012483,8.5612125,84.551685,90.0,90.0,2.9817,-1.93134,14,729.649,1.325,9.0588,0.5625,7.365,4.0,17.0,5.0576,1
10.728605,7.2932045,8.876958,75.160881,90.0,90.0,2.39633,-2.59439,14,671.42,1.6733,10.0,0.6071,5.6729,3.0,12.0,4.3128,1
10.640691,6.4819482,8.3420695,82.40417,90.0,90.0,3.01587,-1.56531,14,570.324,1.7467,14.75,0.5882,7.2284,3.0,4.0,4.2432,1
15.729451,4.7763062,6.2974019,82.025473,90.0,90.0,1.50474,-0.0416694,14,468.54,0.425,4.6667,0.5,7.3237,4.0,12.0,3.4226,1
11.23551,7.3453439,8.2300554,70.27057,90.0,90.0,1.12426,-0.124869,14,639.344,0.2533,4.4615,0.4375,7.0165,3.0,13.0,3.9683,1
12.137898,5.8532868,7.2931333,73.785462,90.0,90.0,2.5693,-0.721808,14,497.542,1.1733,18.0,0.5909,6.5038,3.0,5.0,2.2824,1
10.054475,7.2237785,10.254273,74.896962,90.0,90.0,3.5563,-1.16561,14,719.056,1.7467,22.8,0.5714,7.4111,3.0,15.0,2.2072,1
13.075333,7.6130288,11.421462,76.302973,90.0,90.0,2.95966,-0.560918,14,1104.59,1.3917,15.2,0.625,6.6106,4.0,5.0,2.7822,1
13.145123,6.6673138,7.9388053,75.894377,90.0,90.0,1.49595,-1.2169,14,674.799,1.095,5.2,0.5417,7.7294,4.0,15.0,5.3322,1
14.617176,3.9630193,6.1698832,89.643537,90.0,90.0,6.04583,-1.77814,14,357.403,1.7467,25.2727,0.5,6.5017,3.0,11.0,2.387,1
11.370263,7.1381262,7.1559468,80.553816,90.0,90.0,1.4859,-1.13064,14,572.918,1.7467,4.5333,0.5,7.3193,3.0,15.0,4.7077,1
11.197893,6.7322143,8.7473056,83.123974,90.0,90.0,3.58981,-1.5753,14,654.687,1.7667,19.25,0.5882,7.2284,3.0,4.0,4.1434,1
10.768982,9.6748101,12.244085,85.100492,90.0,90.0,3.67223,-2.80576,14,1271.02,1.4733,14.7273,0.6071,5.5873,4.0,11.0,5.2673,1
11.506028,5.5990955,15.146567,85.495708,90.0,90.0,3.33828,-2.73069,14,972.779,1.4217,16.7692,0.5938,6.0627,4.0,13.0,4.0345,1
10.976708,6.3388344,6.2627312,69.839626,90.0,90.0,3.16521,-1.3415,14,409.06,1.3833,12.4286,0.56,7.7828,4.0,7.0,3.4048,1
10.228377,5.4913704,10.599082,92.80609,90.0,90.0,1.10083,-0.37732,14,594.613,0.618,7.1429,0.5769,7.9343,5.0,7.0,2.637,1
10.385023,5.9777062,7.4948279,80.884665,90.0,90.0,2.50376,-2.09395,14,459.393,1.7467,12.1429,0.6129,7.2309,3.0,7.0,3.1957,1
10.27244,7.4163101,10.501494,88.743907,90.0,90.0,4.14296,-3.18194,14,799.849,1.32,15.4667,0.5556,6.0694,4.0,15.0,4.6827,1
12.606613,3.8508892,9.1393675,88.473284,90.0,90.0,1.25917,-0.0433103,14,443.528,0.56,4.4,0.5,7.4967,3.0,5.0,4.7212,1
10.19756,5.2358853,13.091026,98.448261,90.0,90.0,3.43184,-3.10538,14,691.388,1.578,13.6667,0.625,5.5976,5.0,12.0,5.0615,1
10.442794,6.8600234,12.272264,86.07777,90.0,90.0,2.0462,-1.40129,14,877.099,1.218,7.5556,0.5625,7.7046,5.0,9.0,4.3525,1
11.207852,5.7288039,11.50151,85.597292,90.0,90.0,3.48243,-1.73861,14,736.305,1.2867,18.6667,0.7097,0.7817,3.0,9.0,2.7731,1
10.006837,6.7123331,7.2427942,85.231869,90.0,90.0,1.6967,-1.80425,14,484.809,1.1767,5.1667,0.6042,7.8721,4.0,12.0,6.9955,1
11.08926,7.3375636,8.5413436,68.45792,90.0,90.0,2.03663,-1.47166,14,646.447,1.7467,9.8,0.6087,6.5422,3.0,5.0,4.1805,1
11.154391,5.2340498,11.118002,78.29665,90.0,90.0,1.69463,-0.585122,14,635.604,0.6967,4.5263,0.5333,7.4751,4.0,19.0,5.129,1
10.526795,6.0049666,6.7305343,78.247475,90.0,90.0,1.35602,-0.758174,14,416.539,1.172,4.8889,0.5,7.5333,5.0,9.0,5.8385,1
10.403977,7.9755745,9.6031271,70.185908,90.0,90.0,1.8964,-0.693981,14,749.67,0.612,10.6,0.6607,4.812,5.0,10.0,4.0461,1
14.58862,7.633845,10.144674,88.346136,90.0,90.0,3.74703,-2.26271,14,1129.31,1.2867,16.4706,0.7018,0.686,3.0,17.0,3.9705,1
13.705635,7.5490356,8.6118726,72.54065,90.0,90.0,1.97124,-1.33238,14,849.972,1.3733,7.5294,0.6111,7.3889,4.0,17.0,5.5084,1
10.587267,5.5693198,7.0636228,78.243562,90.0,90.0,2.79123,-0.19053,14,407.762,0.744,9.0588,0.4242,6.7317,5.0,17.0,3.8718,1
15.478024,5.8609717,7.0306711,64.263446,90.0,90.0,2.48274,-0.843801,14,574.527,1.1,17.0,0.5833,7.5277,3.0,6.0,2.4678,1
14.760077,5.2794275,7.7120293,70.883822,90.0,90.0,1.94128,-1.78084,14,567.819,1.1933,10.0,0.6667,1.1547,3.0,4.0,5.0956,1
11.478196,5.725194,10.691896,92.01961,90.0,90.0,1.35265,-1.00285,14,702.18,1.035,7.0,0.6458,7.4952,4.0,10.0,2.6142,1
12.961272,4.4724933,7.9744993,74.678631,90.0,90.0,1.9088,-1.3446,14,445.846,1.3683,8.0,0.5882,6.6922,4.0,8.0,3.1303,1
13.1919,4.8398303,7.9876276,81.44557,90.0,90.0,2.71235,-0.315124,14,504.309,1.228,13.1429,0.5714,6.9625,5.0,7.0,1.035,1
10.787928,8.5246592,9.3774764,70.240298,90.0,90.0,2.48009,-0.77529,14,811.606,1.4017,14.0,0.6346,4.6619,4.0,10.0,2.645,1
10.368457,5.4781299,13.806698,80.042654,90.0,90.0,1.21358,-0.537794,14,772.404,0.5867,4.9333,0.5,7.3271,6.0,15.0,4.48,1
12.051612,8.3442032,10.444436,87.478121,90.0,90.0,3.1559,-1.91402,14,1049.29,1.0417,14.9333,0.6939,0.8338,4.0,15.0,3.4856,1
10.092423,4.9755419,6.9565429,89.628019,90.0,90.0,3.28836,-1.47171,14,349.317,1.6733,13.3333,0.6154,7.746,3.0,6.0,4.2405,1
10.518457,7.4148477,11.255499,71.648161,90.0,90.0,4.41307,-3.40175,14,833.201,1.48,16.9333,0.5278,5.7924,3.0,15.0,4.3634,1
10.148783,6.0608914,6.5827251,75.755559,90.0,90.0,1.82913,-1.69607,14,392.459,1.2467,5.2381,0.6,7.8897,4.0,21.0,6.4835,1
14.264129,6.1465539,6.5513115,70.236784,90.0,90.0,2.91807,-0.952597,14,540.555,1.0867,16.0,0.5625,5.113,3.0,7.0,2.8327,1
10.678011,7.8995443,8.0384067,78.48299,90.0,90.0,2.90874,-1.45702,14,664.399,1.7467,13.4,0.6087,6.5422,3.0,5.0,3.9082,1
15.273136,6.1603324,8.2917295,74.929816,90.0,90.0,2.32684,-2.39741,14,753.318,1.22,10.0,0.6389,0.8771,3.0,13.0,5.8131,1
12.056993,4.6175011,9.9681592,87.468482,90.0,90.0,4.49562,-1.49691,14,554.418,1.7,20.5,0.6364,4.9497,3.0,8.0,3.3775,1
10.459994,5.3138957,7.1929138,89.641407,90.0,90.0,2.69571,-2.74786,14,399.798,1.1617,10.0,0.6,4.8624,4.0,8.0,4.9795,1
10.249329,7.4416119,10.563189,88.896109,90.000247,89.999928,3.62069,-2.74502,14,805.521,1.23,14.0,0.5833,5.6467,4.0,15.0,3.0992,1
16.207464,4.3704831,8.2825147,80.41804,90.0,90.0,2.27931,-0.85771,14,578.502,1.3683,9.4,0.5714,5.9777,4.0,10.0,2.704,1
11.586606,5.954596,6.9149772,76.671698,90.0,90.0,4.02801,-1.4967,14,464.239,1.3333,15.75,0.5714,6.112,4.0,8.0,3.0312,1
13.700406,4.5622822,5.4910029,88.997909,90.0,90.0,4.69451,-1.3178,14,343.163,1.2067,17.8333,0.5714,4.4907,3.0,6.0,2.0216,1
10.013237,10.012806,5.0118761,90.0,90.0,120.00142,5.50096,-1.71116,185,435.166,1.7,21.0,0.4444,6.5422,3.0,5.0,2.0194,1
10.013535,10.013535,6.7614051,90.0,90.0,90.0,3.56308,-0.834129,86,677.972,1.64,16.0,0.6538,6.8337,3.0,5.0,3.5859,1
10.324242,10.324242,8.0552536,90.0,90.0,90.0,3.70851,-2.18991,86,858.609,1.8033,17.6667,0.6765,6.3875,4.0,6.0,4.2146,1
10.527565,10.527565,10.527565,109.47122,109.47122,109.47122,3.70114,-2.59108,230,898.177,1.26,12.3,0.5294,5.4715,4.0,20.0,3.1646,1
10.998067,10.998067,10.998067,109.47122,109.47122,109.47122,2.45362,-1.81428,230,1024.06,1.3183,6.6897,0.5208,7.352,4.0,29.0,4.1429,1
10.579038,10.579038,10.579038,109.47122,109.47122,109.47122,4.94523,-1.32051,230,911.416,1.0033,15.75,0.4615,4.0688,4.0,20.0,2.0759,1
10.781102,10.781102,10.781102,109.47122,109.47122,109.47122,4.31128,-2.68874,230,964.645,1.24,14.8,0.5833,4.9852,4.0,20.0,3.7776,1
10.36015,10.36015,10.36015,109.47122,109.47122,109.47122,3.49528,-3.04462,230,856.005,1.2683,11.2,0.5833,4.9852,4.0,20.0,5.0054,1
10.020931,10.020931,10.020931,109.47122,109.47122,109.47122,4.34736,-1.97002,230,774.644,0.9183,12.25,0.4786,2.5397,4.0,20.0,3.8367,1
10.211042,10.211042,10.211042,109.47122,109.47122,109.47122,3.73498,-2.18052,230,819.574,1.0767,11.3,0.5094,5.2476,4.0,20.0,2.4558,1
10.808373,10.808373,10.808373,109.47122,109.47122,109.47122,4.38511,-1.90924,230,971.984,1.25,15.2,0.5094,5.2476,4.0,20.0,2.1655,1
10.014903,10.014903,10.014903,109.47122,109.47122,109.47122,3.46285,-2.85737,230,773.247,1.1133,10.0,0.5833,4.9852,4.0,20.0,4.9519,1
11.479352,11.479352,11.479352,109.47122,109.47122,109.47122,4.85087,-2.6655,230,1164.48,1.3767,19.2,0.5625,5.9125,4.0,20.0,3.1104,1
10.556163,10.556163,10.556163,109.47122,109.47122,109.47122,3.72763,-2.41026,230,905.517,1.2317,12.5,0.5094,5.2476,4.0,20.0,2.3971,1
10.975009,10.975009,10.975009,109.47122,109.47122,109.47122,5.46251,-1.84297,230,1017.64,1.0933,18.9,0.4286,3.9815,4.0,20.0,2.293,1
10.745622,10.745622,10.745622,109.47122,109.47122,109.47122,3.38245,-3.08108,230,955.153,1.31,12.0,0.5625,5.9125,4.0,20.0,4.2268,1
10.973819,10.973819,10.973819,109.47122,109.47122,109.47122,4.84596,-2.753,230,1017.31,1.3233,16.6,0.5833,4.9852,4.0,20.0,3.2937,1
10.482181,10.482181,10.482181,109.47122,109.47122,109.47122,4.01524,-2.71011,230,886.611,1.235,13.0,0.5833,4.9852,4.0,20.0,4.3289,1
10.094578,10.094578,10.094578,109.47122,109.47122,109.47122,4.17523,-2.05398,230,791.849,0.9267,12.1,0.4912,2.8764,4.0,20.0,3.325,1
11.4398,11.4398,11.4398,109.47122,109.47122,109.47122,3.0022,-1.81688,230,1152.48,1.3433,8.5517,0.5208,7.352,4.0,29.0,3.8815,1
10.735045,10.735045,10.735045,109.47122,109.47122,109.47122,5.63126,-2.47789,230,952.335,1.48,18.4,0.5521,4.6237,3.0,20.0,3.4648,1
10.99471,10.99471,10.99471,109.47122,109.47122,109.47122,4.0245,-2.57773,230,1023.13,1.3283,14.7,0.5625,5.9125,4.0,20.0,3.4351,1
11.225487,11.225487,11.225487,109.47122,109.47122,109.47122,4.31753,-2.6704,230,1088.91,1.3517,16.5,0.5625,5.9125,4.0,20.0,3.2159,1
10.170475,10.170475,10.170475,109.47122,109.47122,109.47122,4.06009,-2.30224,230,809.845,0.9933,11.95,0.5045,3.2196,4.0,20.0,3.5781,1
10.18378,10.18378,10.18378,109.47122,109.47122,109.47122,3.70213,-2.36973,230,813.027,1.105,11.1,0.5294,5.4715,4.0,20.0,3.3926,1
11.09277,11.092774,6.0064228,90.0,90.0,120.00105,4.4369,-1.86043,176,640.062,1.4317,15.1538,0.6,5.7811,4.0,26.0,2.655,1
10.201185,10.201152,7.0853712,90.0,90.0,119.99935,6.21027,-1.74298,176,638.551,0.9233,23.0,0.4394,1.6197,4.0,22.0,2.648,1
10.028068,10.028007,7.4917243,90.0,90.0,120.00078,6.82048,-1.98489,176,652.441,1.08,26.6667,0.6316,0.9258,4.0,21.0,3.725,1
10.422206,10.422225,7.1628337,90.0,90.0,120.00064,5.68776,-1.75091,176,673.803,1.172,23.7143,0.6182,4.161,5.0,21.0,3.4436,1
10.445873,10.445861,7.7412434,90.000004,90.0,120.00084,4.57182,-2.90544,176,731.521,1.4367,20.8571,0.5962,6.071,4.0,21.0,5.0571,1
10.529145,10.529149,7.7524545,90.0,90.0,120.00009,4.69159,-2.87545,176,744.313,1.4033,21.7143,0.5962,6.071,4.0,21.0,4.9747,1
10.373379,10.373458,7.3001881,90.0,90.0,120.0032,6.8337,-1.56037,176,680.291,1.36,27.8095,0.5526,3.873,4.0,21.0,2.8175,1
10.115244,10.115248,7.2598289,90.0,90.0,120.00044,4.14517,-2.9028,176,643.292,1.3733,17.4286,0.5962,6.071,4.0,21.0,4.9461,1
10.014266,10.0143,7.2546527,90.000009,89.999995,119.99999,3.99787,-2.93603,176,630.067,1.4067,16.5714,0.5962,6.071,4.0,21.0,5.0844,1
10.792721,10.792739,7.8374194,90.0,90.0,120.00099,4.78396,-2.33102,176,790.609,1.4383,23.4286,0.5962,6.071,4.0,21.0,4.0014,1
13.727901,13.729455,7.5194027,90.0,90.0,120.00045,2.09506,-1.36111,176,1227.35,1.1667,7.2308,0.6109,7.3195,6.0,52.0,5.9624,1
16.20217,16.20217,5.295791,90.0,90.0,163.99812,2.56113,-1.87722,63,383.235,1.58,16.5,0.625,8.5524,3.0,8.0,5.2993,1
10.819236,10.819236,5.8708503,90.0,90.0,147.94894,5.57539,-2.18646,63,364.689,1.66,22.5,0.5714,6.1767,3.0,12.0,1.7641,1
10.240407,10.240407,14.138384,90.0,90.0,136.64467,1.76439,-2.79258,63,1017.86,1.54,10.0,0.625,1.1547,2.0,3.0,5.4335,1
10.017374,10.017374,5.3391481,90.0,90.0,148.49381,4.05794,-1.95055,63,279.989,1.6267,13.8333,0.4516,6.396,3.0,12.0,0.2153,1
10.018316,10.018316,10.018316,109.48596,109.48596,109.44175,3.61957,-1.79001,88,774.038,1.4117,15.0,0.5,6.5233,4.0,26.0,3.8128,1
10.026253,10.026253,10.026253,109.11294,109.11294,110.19018,5.11674,-1.97353,88,775.788,1.445,19.9231,0.5,6.5233,4.0,26.0,4.5431,1
12.224641,12.224641,12.224641,156.37931,156.37931,33.65019,2.88065,-2.29004,88,293.014,1.094,8.0,0.5625,6.8203,5.0,16.0,4.6605,1
11.063999,11.063999,11.063999,90.0,90.0,90.0,5.38696,-1.20392,205,1354.37,1.3583,21.5455,0.6532,3.2313,4.0,22.0,2.977,1
10.338392,10.338392,10.338392,90.0,90.0,90.0,4.60394,-0.86751,205,1104.99,1.4333,16.2857,0.5625,4.9135,3.0,7.0,3.91,1
10.159021,10.159021,10.159021,90.0,90.0,90.0,4.2223,-0.900727,205,1048.47,1.2817,14.5714,0.5625,4.6614,4.0,21.0,4.1549,1
10.018227,10.018227,10.018227,90.0,90.0,90.0,3.77474,-0.887615,205,1005.48,1.2733,12.8571,0.5625,4.6614,4.0,21.0,4.0771,1
10.024103,10.024103,10.024103,60.0,60.0,60.0,2.31976,-1.90349,203,712.232,1.374,9.3846,0.5893,6.978,5.0,13.0,4.1875,1
14.363013,14.363013,7.908878,78.868454,78.868454,47.545065,1.77263,-1.34796,15,1176.69,1.448,5.7778,0.6186,7.2985,5.0,27.0,5.358,1
10.033635,10.033635,7.2083898,72.446904,72.446904,89.236629,4.8103,-1.54406,15,657.28,1.3367,20.9,0.63,5.4047,4.0,20.0,3.3166,1
10.041708,10.041708,7.7593667,73.053704,73.053704,121.67056,4.24965,-2.04356,15,533.663,1.3917,22.9231,0.5893,6.3509,4.0,13.0,3.3869,1
13.859728,7.3952059,7.4659215,60.312833,89.978809,89.957213,4.23003,-1.93357,15,664.782,1.2783,16.1667,0.4571,4.4381,4.0,12.0,3.5954,1
12.349058,12.349058,9.2650821,88.314583,88.314583,48.154556,2.8754,-1.56961,15,1052.0,1.2533,12.3636,0.6857,1.206,3.0,11.0,4.4024,1
11.142103,11.142103,8.7414873,84.903491,84.903491,37.680256,4.66607,-2.9294,15,660.42,1.7783,18.9524,0.5625,5.9718,4.0,21.0,4.5061,1
10.69694,10.69694,10.334671,84.24099,84.24099,55.000508,2.86452,-1.76357,15,962.467,1.2233,10.3077,0.575,7.1588,4.0,39.0,3.8273,1
11.74199,11.74199,9.3901815,88.820196,88.820196,44.330621,2.37379,-2.28925,15,904.485,1.094,7.9512,0.5714,6.5913,5.0,41.0,4.9892,1
11.31219,11.31219,5.6418435,79.86247,79.86247,25.665478,4.84375,-1.40761,15,307.556,1.2483,16.8333,0.5303,5.3767,4.0,12.0,1.8311,1
12.076567,12.076567,13.817468,87.714124,87.714124,34.444496,2.40908,-1.34192,15,1138.81,1.272,12.0,0.663,3.8966,6.0,16.0,6.1501,1
11.269416,11.269416,10.718981,74.879851,74.879851,42.234275,2.19117,-1.24766,15,878.522,1.3083,6.8571,0.5556,7.6329,4.0,21.0,4.2156,1
13.602288,13.602288,13.324219,81.48204,81.48204,33.712655,3.10928,-1.67021,15,1351.81,1.385,27.8,0.66,7.6158,4.0,10.0,3.9221,1
13.628492,13.628492,13.172569,81.091709,81.091709,34.356576,2.72043,-2.17989,15,1362.47,1.56,25.2,0.625,8.025,3.0,10.0,5.0531,1
10.065093,10.065093,7.6884118,88.629632,88.629632,45.439462,2.0375,-1.19942,15,554.775,1.3733,7.8182,0.6087,7.5679,4.0,11.0,4.5928,1
11.983574,11.983574,13.831099,82.739344,82.739344,22.713856,3.58287,-2.93805,15,760.542,1.7,15.5,0.6,4.8329,3.0,8.0,4.7362,1
13.442336,5.4096615,5.5762228,60.983266,90.048827,90.0,3.46391,-1.74793,15,354.596,1.3467,14.3333,0.5156,5.34,4.0,12.0,3.5773,1
10.572665,10.572665,5.8238101,92.522809,92.522809,37.8427,4.24049,-2.57485,15,398.949,2.1267,22.0,0.6833,4.9889,3.0,10.0,4.2059,1
10.755214,10.755214,8.2854576,80.1763,80.1763,32.927124,7.21185,-3.69568,15,512.657,1.6083,21.5455,0.6174,5.7622,4.0,22.0,5.9636,1
10.718848,10.718848,9.9913439,79.908504,79.908504,44.422781,0.994975,-0.435659,15,788.977,0.862,3.7647,0.3611,6.509,5.0,17.0,5.0333,1
10.139007,10.139007,5.08514,79.47491,79.47491,69.853924,4.28306,-1.74048,15,478.431,1.3933,15.7778,0.5,5.9705,4.0,18.0,2.7245,1
11.32202,11.32202,8.8723513,71.846614,71.846614,46.123048,5.20874,-2.47529,15,771.388,1.3033,20.88,0.6212,4.5727,4.0,25.0,3.8162,1
10.219483,10.219361,7.2860449,80.204708,80.202948,40.626708,3.02541,-2.39592,15,487.24,0.9167,8.8,0.6083,4.8734,4.0,25.0,5.5152,1
10.257738,10.257738,10.468824,73.358335,73.358335,20.184642,2.06423,-1.44773,15,363.648,1.3133,6.3333,0.5625,7.4903,4.0,18.0,4.6256,1
10.768717,10.768717,7.310438,72.616601,72.616601,30.748842,1.85441,-1.33057,15,412.106,1.048,6.2105,0.5312,7.3576,5.0,19.0,5.4253,1
16.600257,3.6607289,9.4583383,79.27576,90.0,90.0,3.45021,-1.93524,4,564.735,1.25,10.2222,0.5288,7.3195,4.0,27.0,3.213,1
10.697373,5.5086951,11.658366,87.428892,90.0,90.0,1.10137,-0.302644,4,686.319,0.5617,3.8125,0.4342,6.7987,4.0,32.0,5.3071,1
15.673456,8.5805514,8.8448902,68.306053,90.0,90.0,3.2905,-1.63395,4,1105.27,1.56,17.8519,0.7065,2.9656,4.0,27.0,2.5678,1
10.039483,8.0870114,10.241015,69.218308,90.0,90.0,4.19194,-1.4546,4,777.366,1.28,20.5714,0.5242,5.3816,5.0,21.0,2.3709,1
10.833463,3.3509635,5.4887684,84.430534,90.0,90.0,4.54246,-1.32612,4,198.316,1.6267,16.25,0.32,6.6018,3.0,4.0,0.2917,1
11.049485,5.6985608,11.056551,83.982565,90.0,90.0,2.64112,-1.57251,4,692.353,1.465,6.65,0.5714,7.802,4.0,20.0,5.5959,1
12.099498,7.0664695,9.5608902,89.022044,90.0,90.0,2.97644,-2.93687,4,817.344,1.6267,12.1333,0.5833,6.3343,3.0,15.0,4.4805,1
11.372762,8.4252636,8.6450043,59.913207,74.385403,70.657449,3.01788,-0.821324,2,670.872,1.6733,12.6087,0.36,6.9689,3.0,23.0,1.5902,1
10.409324,8.6035646,7.0888909,78.23566,65.828858,75.607828,3.72998,-1.60324,2,557.266,1.154,15.8889,0.5104,5.5117,5.0,18.0,3.1397,1
12.675617,7.7508974,6.5232351,87.887061,84.292654,79.104593,3.86676,-1.26661,2,626.111,1.7467,24.4615,0.5455,7.5184,3.0,13.0,2.1205,1
10.947446,6.2734241,8.0281328,98.04817,108.05562,90.682384,0.839707,0.0139407,2,518.146,0.4883,5.8182,0.4286,7.0065,4.0,11.0,4.3658,1
11.673043,6.060823,6.3960157,60.421437,72.686766,80.081251,2.1839,-1.68675,2,375.531,1.2567,7.6875,0.5763,7.5782,4.0,16.0,3.5943,1
10.900906,7.0052361,7.495868,70.739761,69.005252,75.668723,4.66098,-1.25718,2,499.036,1.6733,20.1333,0.65,5.278,3.0,15.0,3.0894,1
10.325781,6.9703079,6.9516784,67.481418,67.677628,79.403532,2.28181,-1.09113,2,427.123,1.02,8.5625,0.5439,7.3595,6.0,16.0,3.6042,1
13.747442,7.47386,7.492296,89.841659,99.013376,92.358461,4.27163,-2.29453,2,759.652,1.7,19.4545,0.5,6.3775,3.0,11.0,3.4675,1
10.593231,8.3258438,7.2243015,102.13377,89.884553,109.44435,2.80366,-2.92623,2,585.805,1.38,10.6957,0.5769,6.2734,4.0,23.0,4.4449,1
11.655238,6.3981222,11.127953,65.19593,73.414884,56.52674,0.93378,-0.318493,2,626.737,0.7017,3.4286,0.4444,7.0368,4.0,14.0,4.1717,1
10.846537,6.4842797,9.5017673,70.260235,63.624138,73.802951,2.67466,-2.25989,2,556.905,1.4167,8.48,0.5,7.3196,4.0,25.0,3.8068,1
10.190461,8.3455184,6.9846375,78.207357,66.160264,75.504624,4.29689,-1.30841,2,522.446,1.1933,17.3333,0.381,4.0825,3.0,6.0,3.6587,1
12.478683,6.308152,12.712537,74.039435,66.440589,77.556171,1.87439,-0.852936,2,875.575,1.0667,11.5238,0.6023,7.1504,3.0,21.0,2.59,1
10.091729,5.7081528,11.098428,101.7353,123.24927,83.644094,3.39914,-1.5973,2,523.488,1.6733,12.6,0.5,7.5277,3.0,10.0,2.8104,1
10.100097,10.09839,10.098209,90.770201,90.730388,90.761387,2.08578,-1.96433,2,1029.69,1.4733,9.0857,0.5789,6.5186,4.0,35.0,4.7793,1
10.071615,7.0476612,6.8745671,78.365559,68.721833,76.041627,5.37762,-2.25837,2,437.746,1.2483,17.8824,0.5952,3.4268,4.0,17.0,3.744,1
10.050245,7.5784533,5.9306124,79.763342,76.522981,83.585739,3.02765,-1.93268,2,431.108,1.4817,10.2222,0.5625,7.7208,4.0,9.0,3.8969,1
11.514509,6.3954857,11.923147,79.09233,89.969523,89.984985,2.52673,-1.78482,2,862.168,0.905,11.0,0.6957,0.9376,4.0,14.0,4.5924,1
11.400405,5.9105058,8.0167366,71.113527,69.362618,77.058208,2.58816,-2.18675,2,474.608,1.6733,10.0,0.5469,7.1948,3.0,18.0,2.8136,1
11.555607,11.671727,7.485749,94.724382,96.175869,104.85374,1.65621,-2.80585,2,963.859,1.54,10.0,0.625,1.1547,2.0,3.0,5.6946,1
10.079184,7.055242,8.4159779,64.042914,65.199294,79.0229,2.65353,-2.39002,2,488.453,1.242,11.2941,0.5581,5.0344,5.0,17.0,2.6768,1
11.372049,9.5490467,7.164115,108.26657,92.398389,105.82273,4.00141,-1.18042,2,703.838,1.43,23.625,0.3529,7.3394,4.0,16.0,1.7175,1
10.261009,13.956579,9.4845773,76.772695,56.94323,75.525809,1.06239,-0.199566,2,1095.1,0.3567,3.8163,0.3299,6.1594,4.0,49.0,3.9389,1
11.481517,8.3980306,6.0006713,70.552739,78.684749,68.757025,2.99222,-1.08564,2,506.633,1.6733,12.1667,0.4051,7.0398,3.0,18.0,1.9959,1
10.65299,5.7318109,12.945538,83.4059,89.969103,89.89208,2.91661,-1.97926,2,785.236,1.0283,12.1538,0.6951,4.4086,4.0,13.0,4.7142,1
10.493445,6.8140979,5.2501364,67.222222,81.485957,71.459667,4.20892,-1.91219,2,328.028,1.3867,15.8333,0.5,6.0453,4.0,12.0,3.2283,1
13.818721,7.9213415,7.8616006,86.717141,89.007355,82.187704,3.01953,-1.19075,2,851.127,1.7467,16.1818,0.5,6.5017,3.0,11.0,2.7228,1
11.762448,5.6872636,6.3783409,102.45773,93.396067,92.735424,3.33788,-1.25822,2,415.107,1.2717,12.4,0.6,7.6064,4.0,15.0,3.6908,1
10.287216,7.3039516,10.799753,70.295016,78.239025,80.895273,2.63556,-2.85525,2,744.373,1.405,10.8889,0.5938,5.5493,4.0,27.0,4.3091,1
10.051702,8.3846218,7.0490158,63.330184,77.877711,64.445135,2.76014,-2.32996,2,478.849,1.242,11.4706,0.5393,4.8877,5.0,17.0,2.2846,1
13.42708,7.6551665,7.641821,119.28995,101.07319,84.571968,3.23838,-2.01798,2,672.303,1.765,24.25,0.6667,7.285,4.0,8.0,3.0614,1
13.270657,6.1417618,6.4064559,89.140479,98.115179,104.05534,1.44597,-0.409521,2,501.354,0.594,4.4615,0.5,7.3781,5.0,13.0,5.6302,1
12.013197,10.328022,8.575278,80.052437,67.023938,82.383074,1.70647,-0.915141,2,962.334,0.6967,5.0,0.5568,7.537,4.0,26.0,5.1182,1
10.1251,9.4277905,7.6806352,78.948076,64.440543,73.434801,4.98846,-1.8448,2,631.968,1.66,22.7778,0.625,5.3688,3.0,18.0,3.2034,1
10.832708,7.4313503,6.8883094,87.181232,71.136201,79.978368,2.55911,-1.10814,2,516.716,1.394,8.0,0.5625,7.6835,5.0,24.0,2.5124,1
11.035608,5.2329884,4.6167326,89.818223,65.659125,88.201674,4.73278,-2.86786,2,242.78,1.48,14.7273,0.5714,5.1399,3.0,11.0,3.6232,1
11.059647,8.1081076,7.0015122,96.516367,108.46136,86.975543,3.63499,-1.38243,2,591.593,1.26,13.8182,0.4242,5.0847,3.0,11.0,1.515,1
11.096892,7.2049317,8.963123,82.49736,90.076792,89.984548,1.87037,-1.25319,2,710.487,1.3117,8.3333,0.6,7.2718,4.0,12.0,1.84,1
10.463582,10.587582,10.877336,59.715809,66.121754,76.279909,3.76232,-1.57088,2,950.69,1.2733,32.8276,0.5823,6.8713,4.0,29.0,1.177,1
11.757553,8.8241356,6.8749903,79.546077,76.483106,82.804452,4.62467,-1.31256,2,679.448,1.5583,22.4444,0.5625,7.7208,4.0,9.0,1.5277,1
10.04538,10.793302,6.7385952,103.47935,101.47108,89.351597,3.11353,-2.41117,2,695.829,1.7467,11.5385,0.5714,5.403,3.0,13.0,4.581,1
11.465231,8.0334134,8.0636705,90.031523,106.38493,95.273818,2.22932,-2.00266,2,709.252,1.302,9.0769,0.6071,7.1081,5.0,13.0,5.2398,1
14.500909,14.500936,3.3644744,90.0,90.0,120.00024,2.19385,-1.84293,174,612.686,1.5167,7.3333,0.5833,7.5277,4.0,6.0,4.4588,1
10.513344,10.513416,4.0732724,90.0,90.0,120.00411,7.82886,-2.19557,174,389.889,1.1,35.8095,0.6667,1.4491,3.0,21.0,4.0434,1
10.427067,10.427004,4.0289107,90.0,90.0,120.0034,7.65747,-2.23493,174,379.337,1.1,34.0952,0.6667,1.4491,3.0,21.0,4.206,1
10.043963,10.043971,4.01314,90.0,90.0,119.99998,3.71901,-0.788632,174,350.611,1.34,16.5714,0.25,4.7253,3.0,21.0,3.7101,1
11.283217,11.283217,11.372784,81.403065,81.403065,18.434849,5.14105,-2.02881,12,452.577,1.2867,21.7931,0.3256,6.2144,4.0,29.0,2.33,1
15.390855,15.390855,5.1989044,80.529332,80.529332,23.018315,3.44744,-2.19956,12,474.713,1.3017,9.5652,0.561,7.3975,4.0,23.0,2.9618,1
10.387347,10.387347,10.06607,77.39652,77.39652,117.5892,2.92779,-1.89761,12,873.068,1.3733,24.1379,0.5823,6.8713,4.0,29.0,1.2657,1
10.449041,10.449041,5.140373,81.757164,81.757164,72.651112,2.4064,-2.3713,12,527.156,1.4067,10.4444,0.6354,3.524,4.0,18.0,5.1897,1
13.05264,13.05264,13.059229,65.588464,65.588464,97.328921,5.1963,-2.04477,12,1721.31,1.41,37.0645,0.5444,6.7586,4.0,62.0,1.9665,1
11.643215,11.643215,7.7355355,80.666836,80.666836,71.98883,1.63388,-2.80562,12,977.035,1.54,10.0,0.625,1.1547,2.0,3.0,5.7008,1
10.61364,10.61364,7.2876041,85.182894,85.182894,42.375101,4.467,-1.59788,12,551.052,1.7467,19.4118,0.6364,4.9117,3.0,17.0,1.8466,1
10.949865,10.949865,8.1065089,81.593936,81.593936,124.14505,3.76897,-1.75275,12,764.229,1.4483,20.0,0.5,6.4864,4.0,39.0,3.7602,1
10.048738,9.4887898,9.4074528,64.252028,58.266129,57.480476,3.84354,-1.6378,12,628.737,1.6367,20.8667,0.7087,2.8252,4.0,30.0,2.5525,1
10.883435,10.883435,15.022326,75.805846,75.805846,32.120214,2.11588,-1.49295,12,914.774,1.3733,10.7407,0.623,6.9798,4.0,27.0,3.5402,1
10.325683,10.325683,6.378044,84.518994,84.518994,24.534838,6.73111,-1.74404,12,281.026,1.66,33.7143,0.6111,5.187,3.0,7.0,2.6891,1
10.375456,10.375174,7.8073273,90.0,90.0,120.00054,4.51081,-2.79503,173,727.836,1.2767,19.5455,0.5865,6.3845,4.0,22.0,4.5184,1
10.140604,10.140611,8.5179607,90.0,90.0,120.00004,2.55824,-2.78171,173,758.567,1.242,10.2857,0.5938,5.1763,5.0,28.0,4.5126,1
14.612485,14.612503,5.7227006,90.0,90.0,119.99982,3.7965,-1.32709,173,1058.23,1.3983,24.2727,0.6273,5.1598,4.0,22.0,1.8341,1
10.050425,10.05044,8.4514658,90.000002,89.999998,119.99992,2.55247,-2.76077,173,739.32,1.3033,10.0,0.5938,5.4903,4.0,7.0,4.3684,1
11.499694,11.499698,9.2000758,90.0,90.0,120.00183,3.21944,-1.56242,173,1053.63,1.3233,16.7143,0.4324,6.4807,4.0,7.0,2.7626,1
10.810979,10.810979,10.810979,60.0,60.0,60.0,0.893347,-2.68605,227,893.47,1.54,10.0,0.625,1.1547,2.0,3.0,6.1849,1
10.178766,10.178766,10.178766,60.0,60.0,60.0,2.61155,-1.86187,227,745.711,1.334,10.7692,0.5893,6.978,5.0,13.0,3.8894,1
10.105398,10.105398,10.105398,60.0,60.0,60.0,2.26423,-1.89127,227,729.702,1.374,9.3846,0.5893,6.978,5.0,13.0,3.7789,1
10.050623,10.050623,10.050623,60.0,60.0,60.0,2.4178,-1.8711,227,717.9,1.258,8.8966,0.5938,6.5753,5.0,29.0,3.7221,1
10.111827,10.111827,9.8957141,83.849192,83.849192,142.02581,2.21651,-2.2832,9,587.855,1.094,7.92,0.5769,6.5757,5.0,25.0,5.0345,1
10.092283,10.092283,10.094478,68.670863,68.670863,68.918408,2.48068,-2.53646,9,860.961,1.7467,11.7778,0.6,6.4183,3.0,9.0,4.3171,1
12.30168,12.30168,6.846115,87.371371,87.371371,111.31926,2.7347,-2.53344,9,961.94,1.6267,10.8889,0.625,4.6037,3.0,9.0,5.5316,1
10.059853,10.059853,7.605611,76.522784,76.522784,131.22464,5.71421,-1.15913,9,477.879,0.9733,23.2,0.6184,3.906,4.0,15.0,1.2517,1
12.017238,12.017281,10.302699,78.897425,78.897745,40.478511,2.12504,-1.37741,9,945.302,1.7467,12.5,0.6452,6.1237,3.0,6.0,3.7983,1
10.060347,4.755418,9.0988818,85.058502,90.0,90.0,3.35281,-0.881478,7,433.683,1.3867,26.8571,0.6333,8.4261,4.0,7.0,1.9406,1
10.127019,5.58715,6.1900738,73.006597,90.0,90.0,2.61642,-1.01618,7,334.95,1.2883,10.1667,0.6154,7.3855,4.0,12.0,4.2998,1
10.644206,10.644206,10.644206,90.0,90.0,90.0,2.45935,-2.10768,198,1205.98,1.5733,11.6842,0.625,6.078,4.0,19.0,5.3116,1
10.973415,10.973415,10.973415,90.0,90.0,90.0,4.71085,-1.58616,198,1321.37,1.155,21.4737,0.5,5.241,4.0,19.0,3.8357,1
10.063285,10.063285,10.063285,90.0,90.0,90.0,2.70468,-1.9686,198,1019.11,1.5217,10.8421,0.625,6.078,4.0,19.0,5.5629,1
10.723995,10.728417,10.148049,90.0,90.0,119.98838,5.55015,-1.56225,36,1011.24,1.2817,17.8571,0.5135,5.2894,4.0,14.0,1.6251,1
10.620369,10.620369,5.5101712,90.0,90.0,132.15022,4.51226,-1.13332,36,460.776,1.7,20.0,0.381,5.7071,3.0,7.0,1.5443,1
13.730894,13.730894,5.5283015,90.0,90.0,163.87329,6.03023,-1.73411,36,289.51,1.6733,20.5455,0.5,6.5017,3.0,11.0,2.2195,1
10.080938,10.080938,5.3911518,90.0,90.0,149.22006,4.05241,-1.96075,36,280.372,1.6267,13.8333,0.4516,6.396,3.0,12.0,0.2815,1
11.639281,11.639281,7.0734258,90.0,90.0,148.96453,4.21277,-1.10966,36,494.047,1.28,27.0,0.4429,4.9441,5.0,10.0,2.6599,1
10.088564,10.088564,10.088564,152.7808,148.98722,41.727779,6.8206,-1.51227,72,241.434,1.64,25.5,0.6111,7.3485,3.0,4.0,2.173,1
11.433492,11.433492,11.433492,158.74139,148.71624,38.134867,2.85789,-2.65992,72,281.02,2.13,10.0,0.5,9.8995,2.0,2.0,3.1272,1
10.090333,10.090333,10.294146,90.0,90.0,120.0,1.31905,-2.77846,194,907.678,1.54,10.0,0.625,1.1547,2.0,3.0,5.7126,1
10.099442,10.099442,5.3840531,90.0,90.0,90.0,2.13844,-1.43224,113,549.167,1.2933,8.4,0.6875,1.3499,3.0,10.0,2.9001,1
12.205193,12.205193,4.5342569,90.0,90.0,90.0,2.72354,-1.30871,113,675.453,1.7867,10.6667,0.5909,8.4063,4.0,6.0,4.0379,1
10.097753,10.097753,10.097753,99.599596,99.599596,131.79569,4.68574,-1.30919,122,700.683,1.32,17.2308,0.3902,5.206,4.0,13.0,1.3744,1
10.769846,10.769846,10.769846,142.33065,142.33065,54.331041,3.21815,-2.15804,122,463.339,1.2833,10.8,0.5,6.6142,4.0,20.0,3.2849,1
10.913205,10.913205,10.913205,143.09747,143.09747,53.179057,3.82927,-2.02174,122,465.705,1.4,12.7,0.5938,6.2332,4.0,20.0,3.1902,1
10.107915,10.107827,7.5475077,90.000185,89.999764,120.00002,2.53971,-2.41992,143,667.811,1.27,9.5556,0.5385,7.2338,4.0,27.0,3.6801,1
11.774251,11.774421,4.8279734,90.000921,90.000547,120.00039,4.91315,-1.89958,143,579.651,1.7,18.2857,0.6111,3.6944,3.0,14.0,3.0091,1
10.620657,10.62066,8.2143295,90.0,90.0,119.99973,4.66816,-1.92478,186,802.429,1.66,43.4545,0.6071,7.5015,3.0,11.0,3.5761,1
10.123462,10.123462,7.6950042,90.0,90.0,119.96626,3.78211,-2.62956,186,683.196,1.7,30.3636,0.6071,7.5015,3.0,11.0,4.3831,1
11.708588,11.708317,7.7183718,90.0,90.0,119.98815,4.43219,-2.58004,186,916.447,1.786,21.8333,0.5982,6.7325,5.0,24.0,4.7183,1
10.434843,10.434843,6.8455718,90.0,90.0,120.00032,5.25604,-2.06169,186,645.522,1.5233,22.1,0.633,4.7892,4.0,20.0,3.7089,1
10.11885,10.118733,7.7706912,90.000009,90.0,120.00038,2.7156,-0.979015,186,689.042,1.1733,23.4545,0.381,7.5015,3.0,11.0,1.7077,1
10.899341,10.899342,7.1031528,90.000698,90.001301,119.99943,4.69859,-3.17843,186,730.777,1.734,18.8333,0.5714,6.4958,5.0,24.0,4.3684,1
10.372837,9.9536556,4.8709491,119.22134,90.759668,112.22735,1.32377,-1.3213,1,393.915,1.3227,5.7143,0.5625,7.7232,6.0,14.0,3.4705,1
10.335629,9.1684818,8.977135,81.023497,74.617608,55.922424,1.7624,-2.80656,1,679.34,1.54,10.0,0.625,1.1547,2.0,3.0,5.5833,1
10.606451,5.5611639,6.6578236,90.020339,89.596416,89.894116,2.63499,-2.17899,1,392.696,1.324,11.3846,0.5893,6.9541,5.0,13.0,3.8686,1
10.122842,9.3984079,7.688744,78.647239,64.751502,73.20062,4.99542,-1.8448,1,631.088,1.66,22.7778,0.625,5.3688,3.0,18.0,3.1826,1
10.532401,10.532401,8.9798841,90.000001,89.999999,120.00035,3.93115,-3.06167,1,862.69,1.7,16.2857,0.5625,5.113,3.0,7.0,3.9452,1
10.765561,10.765561,5.0757027,90.0,90.0,90.0,2.98854,-1.88771,125,588.26,1.3683,13.0526,0.5,6.3352,4.0,19.0,3.0079,1
10.557558,10.557558,5.0465629,90.0,90.0,90.0,2.84472,-1.88072,125,562.5,1.36,12.1053,0.5,6.3352,4.0,19.0,2.9058,1
11.259897,11.259897,5.5895224,90.0,90.0,90.0,3.06635,-1.90864,125,708.669,1.4233,15.7895,0.5,6.3352,4.0,19.0,2.8086,1
10.122873,10.122873,5.2425893,90.0,90.0,90.0,3.57156,-1.61401,125,537.221,1.4517,14.2105,0.625,5.4198,4.0,19.0,2.6167,1
11.108611,11.108611,5.4244524,90.0,90.0,90.0,2.7862,-1.91371,125,669.384,1.4233,13.8947,0.5,6.3352,4.0,19.0,3.0231,1
10.135839,11.471491,13.500586,90.0,90.0,90.0,3.26858,-1.32686,61,1569.76,1.59,15.0,0.6042,7.8025,4.0,12.0,2.0842,1
10.186439,10.381607,11.865279,90.0,90.0,90.0,1.59198,-1.08725,61,1254.77,0.915,9.25,0.5938,7.7782,4.0,8.0,5.1392,1
11.780626,11.780626,4.8292017,90.000459,89.999541,120.00095,4.90669,-1.89982,150,580.415,1.7,18.2857,0.6111,3.6944,3.0,14.0,3.0024,1
11.505161,11.505161,4.8400168,90.000122,89.999878,120.00145,4.68666,-1.88531,150,554.826,1.66,17.0,0.6111,3.6944,3.0,14.0,3.0119,1
10.3155,10.3155,6.6541413,89.998044,90.001956,120.00294,2.68953,-1.67841,150,613.183,1.7467,15.4,0.64,6.7082,3.0,5.0,5.046,1
10.140799,10.140794,6.4700596,90.005056,89.99497,120.01087,2.06055,-1.68132,150,576.15,1.7467,11.8,0.64,6.7082,3.0,5.0,4.9256,1
10.203072,10.203072,8.6100127,90.0,90.0,90.0,1.781,-2.80777,120,896.325,1.54,10.0,0.625,1.1547,2.0,3.0,5.4475,1
12.270294,9.8390263,8.9281496,81.503379,52.47209,46.024532,2.19612,-2.05644,43,538.908,1.305,7.5,0.5833,7.1774,4.0,12.0,5.0622,1
10.500182,8.4349297,6.4733239,88.531745,53.422253,38.046002,3.74909,-1.19222,43,125.74,1.25,10.0,0.65,0.488,2.0,7.0,4.2704,1
13.390317,10.242054,9.8316316,83.654079,49.481694,46.864226,3.13477,-2.81311,43,597.545,1.3733,15.1765,0.6,4.8492,4.0,17.0,4.4897,1
10.243264,8.6873136,6.8017503,81.822932,57.085007,41.09206,1.43374,-0.593076,43,292.158,0.625,5.0769,0.5455,7.5184,4.0,13.0,6.2071,1
13.201016,9.970267,9.8413068,83.565929,48.634408,47.799663,2.18547,-2.34212,43,577.794,1.122,8.2609,0.5833,6.4935,5.0,23.0,4.5137,1
10.273605,10.273605,10.273605,85.050252,85.050252,85.050252,2.74682,-1.86442,161,1072.87,1.4333,14.2759,0.5,6.3979,4.0,29.0,3.0035,1
10.28896,10.28896,10.28896,148.1628,126.00626,64.060363,2.60811,-3.11045,44,459.867,1.486,10.4848,0.6648,6.5228,5.0,33.0,6.8731,1
10.292957,10.292957,10.292957,146.56667,106.50924,83.183064,4.40163,-3.70269,71,561.384,2.06,16.7692,0.625,7.1635,3.0,39.0,6.8136,1
11.480591,11.480591,4.5993845,78.444835,78.444835,16.948416,5.85372,-1.53835,71,173.057,1.3083,20.1538,0.6176,3.8213,4.0,13.0,1.1359,1
12.544426,12.544426,12.544426,144.88434,110.27344,80.532195,1.72854,-2.80908,71,1038.97,1.54,10.0,0.625,1.1547,2.0,3.0,5.6267,1
14.561756,14.561756,3.6165634,90.0,90.0,90.0,2.61993,-0.84272,136,766.873,1.36,13.1304,0.425,6.5605,3.0,23.0,0.7649,1
10.763004,10.763004,3.3019384,90.0,90.0,90.0,5.0573,-1.36957,136,382.504,1.7467,18.2667,0.2414,5.0114,3.0,15.0,1.4853,1
10.593861,10.593861,6.201455,90.0,90.0,90.0,4.09192,-1.87646,136,695.989,1.276,22.2941,0.4932,7.0996,5.0,17.0,1.6466,1
10.296665,10.296665,3.422045,90.0,90.0,90.0,4.96441,-1.46573,136,362.81,1.4217,17.7143,0.2727,6.7788,4.0,7.0,2.5859,1
10.324528,10.324528,6.7952808,90.0,90.0,120.0,1.70019,-0.471986,190,627.305,1.172,6.0,0.5312,6.9422,5.0,9.0,3.8381,1
10.326013,10.326013,7.2746974,90.0,90.0,90.0,2.87639,-3.54904,129,775.676,2.37,10.0,0.6667,2.0,2.0,4.0,7.3104,1
10.46726,10.46726,10.46726,158.19755,158.19755,31.025288,4.94258,-1.78766,139,158.089,1.66,19.4545,0.4138,6.4045,3.0,11.0,0.169,1
10.460663,10.460663,10.460663,155.6223,155.6223,34.7458,3.95211,-1.84883,139,194.795,2.1267,33.0,0.6667,9.2376,3.0,3.0,2.5258,1
11.386092,11.386092,11.386092,158.54151,158.54151,30.529734,6.20426,-2.15338,139,197.422,1.7,28.5455,0.5417,6.2972,3.0,11.0,0.9181,1
10.339892,10.339892,10.339892,157.8149,157.8149,31.576959,5.02619,-2.35827,139,157.504,1.66,18.0,0.4828,6.6652,3.0,12.0,0.2011,1
11.279097,11.279097,11.279097,159.67978,159.67978,28.891894,3.07524,-1.69035,139,172.952,1.64,11.8333,0.575,8.0397,3.0,12.0,4.2278,1
10.341744,10.341744,10.341744,83.660013,83.660013,83.660013,2.20256,-2.74793,148,1087.16,1.54,10.0,0.625,1.1547,2.0,3.0,5.646,1
12.170682,12.170682,12.170682,116.41413,116.41413,116.41413,3.46922,-1.15462,148,865.034,0.57,14.4444,0.5588,7.1259,5.0,9.0,4.1263,1
13.050362,13.050152,13.050453,110.4713,110.4733,110.47056,2.63193,-2.57123,148,1644.54,1.48,12.0,0.625,3.5626,3.0,13.0,5.6741,1
10.381549,10.381549,10.381549,99.167905,99.167905,132.94872,1.6729,-0.372036,109,750.912,1.3917,8.5455,0.625,4.4231,4.0,11.0,2.1169,1
10.397168,10.397943,7.7553725,90.00093,89.998801,120.00212,4.51722,-2.86746,147,726.083,1.34,20.9268,0.59,6.0127,4.0,41.0,3.1258,1
10.563742,10.563438,8.3531231,90.007371,90.000196,119.99801,3.43556,-1.51903,147,807.256,1.4117,16.2083,0.48,6.2064,4.0,24.0,3.039,1
10.576774,10.576753,6.6709712,90.000039,89.999789,120.00013,2.85099,-2.52543,147,646.286,1.586,10.0,0.6125,6.8599,5.0,18.0,4.6784,1
10.439943,10.439943,10.439943,83.510193,83.510193,83.510193,4.30231,-1.95063,167,1117.53,1.4467,43.8571,0.6429,7.5825,3.0,14.0,4.2034,1
10.483863,10.483863,10.483863,83.250677,83.250677,83.250677,3.8077,-1.95101,167,1130.08,1.4467,39.8571,0.625,7.5825,3.0,14.0,4.025,1
10.468341,10.468341,10.468341,109.47122,109.47122,109.47122,2.7115,-2.57031,206,883.104,1.54,10.0,0.625,1.1547,2.0,3.0,4.3006,1
11.946776,11.946776,11.946776,109.47122,109.47122,109.47122,1.62481,-0.971383,206,1312.59,1.055,5.3548,0.5833,7.2938,4.0,31.0,3.3974,1
10.477652,10.477652,4.0522767,90.0,90.0,157.35122,3.6992,-2.75458,38,171.309,2.1267,16.4,0.625,8.4327,3.0,10.0,5.5887,1
10.487802,10.487802,10.487802,90.0,90.0,90.0,2.63253,-0.649764,213,1153.6,1.48,11.2,0.5795,5.1289,3.0,20.0,4.0114,1
10.609163,10.609163,10.609163,90.0,90.0,90.0,3.317,-0.641198,213,1194.11,1.48,13.9,0.5795,5.1289,3.0,20.0,3.9389,1
10.76314,10.76314,10.76314,90.0,90.0,90.0,3.93478,-0.635427,213,1246.86,1.5,16.6,0.5795,5.1289,3.0,20.0,4.108,1
10.531228,10.531228,10.531228,99.898362,99.898362,131.01056,2.67362,-3.18815,87,802.026,2.1067,12.4,0.6458,7.5542,3.0,10.0,6.3665,1
10.885444,10.885444,10.885444,96.471471,96.471471,140.76725,6.38727,-2.9206,87,768.446,1.58,22.963,0.6667,1.5933,3.0,27.0,5.0061,1
10.542508,10.031242,8.6373894,68.295254,62.13416,49.570586,3.82596,-1.40089,70,611.664,1.3133,17.7778,0.5625,5.6001,4.0,9.0,2.4251,1
10.687503,8.3873812,7.6774985,83.28046,51.20505,45.514491,3.99423,-0.86323,70,311.968,1.7,15.4545,0.5,5.1469,3.0,11.0,0.196,1
12.939126,10.73739,7.9704736,86.181448,55.893489,37.925063,2.09986,-2.52888,70,380.111,1.54,10.0,0.625,1.1547,2.0,3.0,3.9364,1
10.560019,10.560019,6.3191547,90.0,90.0,120.00117,3.01299,-3.08264,189,610.259,1.57,12.7692,0.675,4.194,4.0,13.0,7.2482,1
14.28593,14.28593,4.3272568,90.0,90.0,120.00155,4.74662,-3.62008,189,764.81,2.06,25.7778,0.625,7.1714,3.0,36.0,5.9922,1
10.584784,10.584784,11.055525,89.995099,90.004901,132.14506,3.3035,-1.28227,64,918.384,1.3517,16.4615,0.4444,6.088,4.0,13.0,3.1577,1
10.588832,10.588832,11.394224,90.0,90.0,120.0,2.26939,-2.82244,181,1106.4,1.2783,8.8571,0.5938,5.4903,4.0,7.0,4.854,1
10.595851,10.595851,11.383976,90.0,90.0,120.0,2.26842,-2.82248,180,1106.87,1.2783,8.8571,0.5938,5.4903,4.0,7.0,4.852,1
10.638392,10.63864,7.6535221,89.99855,89.995566,119.99893,2.35288,-1.80393,144,750.168,1.2783,7.5,0.5625,7.421,4.0,8.0,5.2308,1
10.677024,10.678818,7.6257162,89.977639,90.012538,120.00544,2.92713,-1.00227,144,752.941,1.7467,13.6,0.625,6.6106,3.0,5.0,3.2248,1
10.715207,10.715207,10.715207,113.83849,113.83849,101.05087,6.5853,-2.87861,141,932.047,1.2183,25.0,0.5789,5.7038,4.0,16.0,2.6236,1
11.761946,11.761946,13.727757,90.0,90.0,90.0,4.33663,-2.86302,141,1899.14,1.2233,18.0,0.55,5.7038,4.0,16.0,2.4813,1
12.247675,12.247675,12.247675,135.7528,135.7528,64.362743,1.80958,-2.81199,141,882.172,1.54,10.0,0.625,1.1547,2.0,3.0,5.4834,1
10.725948,10.725948,6.4863228,90.0,90.0,90.0,2.56221,-1.24104,137,746.225,1.2,13.2,0.6667,1.4142,3.0,5.0,3.3073,1
13.417216,13.417216,4.7910854,90.0,90.0,90.0,4.66796,-1.59961,137,862.499,1.64,12.8,0.5312,7.642,3.0,10.0,1.6597,1
10.765827,10.765827,3.3031047,90.0,90.0,90.0,5.05286,-1.36958,102,382.84,1.7467,18.2667,0.2414,5.0114,3.0,15.0,1.4814,1
10.784325,10.784325,10.784325,42.507835,42.507835,42.507835,3.81632,-3.55587,166,518.515,1.9317,15.2222,0.6154,6.5619,4.0,18.0,5.4236,1
10.862125,10.861944,10.861934,115.19386,115.19704,115.19735,1.70008,-2.33514,166,704.241,1.54,10.0,0.625,1.1547,2.0,3.0,2.7528,1
11.08844,11.088444,11.08844,41.530817,41.530859,41.530817,4.22208,-3.55164,166,541.633,1.9317,17.2222,0.6154,6.5619,4.0,18.0,5.3234,1
10.788162,10.788162,10.788162,90.0,90.0,90.0,1.90713,-2.75452,223,1255.57,1.54,10.0,0.625,1.1547,2.0,3.0,5.6229,1
10.814056,10.814056,10.814056,96.417206,96.417206,140.93807,3.70712,-3.74497,79,751.069,2.02,13.7143,0.65,5.6188,3.0,7.0,6.9469,1
10.864775,10.864775,10.864775,97.14132,97.14132,138.70883,6.19761,-2.92863,108,791.962,1.58,22.963,0.6667,1.5933,3.0,27.0,5.1732,1
10.885442,10.885442,6.238985,90.0,90.0,119.16531,1.84391,-0.554815,68,645.548,1.456,6.7407,0.5417,7.1002,5.0,27.0,4.1744,1
11.1792,11.1792,6.3476833,90.0,90.0,120.28456,2.18722,-0.55274,68,685.038,1.456,8.0741,0.5417,7.1002,5.0,27.0,4.2776,1
11.334111,11.334111,9.1147236,89.998842,89.998842,119.99974,2.23795,-1.52019,159,1014.03,1.19,7.4222,0.5795,7.1624,5.0,45.0,5.112,1
14.280607,14.280559,8.7072567,90.000002,89.999996,120.00011,1.45119,-1.47193,159,1537.81,0.804,6.5385,0.5521,6.9069,5.0,26.0,4.7316,1
10.916248,10.916248,6.7068807,90.0,90.0,120.0,3.13278,-3.14564,159,692.146,1.752,12.4615,0.575,6.6165,5.0,26.0,4.7124,1
10.954841,10.954841,10.954841,96.478854,96.478854,140.74405,6.264,-2.90799,140,783.568,1.58,22.963,0.6667,1.5933,3.0,27.0,4.8074,1
10.985156,10.985156,10.985156,99.808611,99.808611,131.24535,1.75837,-2.81177,140,907.863,1.54,10.0,0.625,1.1547,2.0,3.0,5.4329,1
12.918227,12.918227,12.918227,126.31489,126.31489,79.371214,1.85402,-1.82421,142,1353.02,1.44,16.5455,0.6562,4.5707,3.0,11.0,5.4184,1
12.072914,12.072914,12.072914,109.68443,109.68443,109.04565,3.06036,-2.84535,142,1354.55,1.3733,14.4,0.6042,4.638,4.0,10.0,4.7682,1
12.024632,12.024632,12.024632,124.53787,124.53787,82.304887,1.87266,-1.45875,142,1133.85,1.59,12.6667,0.625,8.6603,2.0,3.0,6.5151,1
10.987685,10.987685,10.987685,127.56752,127.56752,77.326681,2.70535,-1.79553,142,808.553,1.35,7.8,0.5,7.5836,4.0,10.0,4.1604,1
11.007167,11.007167,11.007167,60.0,60.0,60.0,5.60729,-1.23605,216,943.0,1.0183,21.873,0.4583,5.2329,4.0,63.0,1.4084,1
11.089071,11.089071,9.32346,90.000029,89.999971,120.00043,2.64813,-2.3825,165,992.879,1.22,10.0,0.6389,0.8771,3.0,13.0,5.5174,1
12.026974,12.026971,9.9707531,89.999849,90.000157,120.00185,4.0886,-1.75,165,1249.0,1.7467,15.8667,0.6111,5.139,3.0,15.0,2.9395,1
12.290499,12.290499,10.046838,89.999847,90.000153,120.00255,4.58856,-1.73277,165,1314.28,1.7467,18.2667,0.6111,5.139,3.0,15.0,2.8022,1
11.13331,11.13331,6.5633585,85.188067,85.188067,142.54152,1.86057,-0.764581,8,477.597,1.056,5.8696,0.5625,7.0067,5.0,46.0,1.8766,1
12.751242,12.751242,4.2243292,80.441564,80.441564,146.60103,3.17432,-1.92666,8,308.567,1.58,25.6,0.625,8.4327,3.0,10.0,4.9793,1
12.893575,12.893575,7.5772404,85.656412,85.656412,15.479605,2.39583,-2.57112,8,335.217,2.13,10.0,0.5,9.8995,2.0,2.0,2.7381,1
11.140411,9.4051719,11.914196,67.743499,90.0,90.0,2.27734,-1.21117,13,1155.34,1.5917,14.1481,0.6486,4.6998,4.0,27.0,2.7359,1
11.141791,11.141791,5.3607588,90.0,90.0,99.01532,4.11698,-2.28,35,657.261,1.6267,16.0,0.5556,5.4268,3.0,16.0,2.6967,1
11.15392,11.15392,5.6382396,90.0,90.0,90.0,4.78028,-1.11726,117,701.453,1.1633,16.9231,0.4583,6.3667,4.0,26.0,2.3257,1
11.442367,11.442367,4.7184686,90.0,90.0,90.0,5.31639,-1.52225,117,617.779,1.1667,17.92,0.527,1.3013,3.0,25.0,2.1033,1
11.506024,11.506024,4.7202335,90.0,90.0,90.0,4.48696,-1.92074,117,624.905,1.6267,15.68,0.6094,3.8158,3.0,25.0,2.8043,1
11.256877,11.256877,11.256877,109.47122,109.47122,109.47122,2.87568,-2.99163,199,1098.07,1.51,9.36,0.5714,6.7176,6.0,25.0,5.7353,1
11.384982,11.384982,11.384982,109.47122,109.47122,109.47122,4.47329,-1.06967,220,1135.99,1.392,16.8293,0.3947,6.5445,5.0,41.0,2.6632,1
12.066726,12.066726,12.066726,109.47122,109.47122,109.47122,2.59196,-2.38797,220,1352.53,1.22,10.0,0.6389,0.8771,3.0,13.0,5.6199,1
11.406675,11.406675,5.9688906,90.0,90.0,114.01238,4.84347,-1.43697,37,709.415,0.9267,19.913,0.6515,0.449,3.0,23.0,3.2348,1
11.514575,11.514585,8.405503,89.999812,90.000159,119.99818,1.23748,-1.44842,154,965.158,1.59,12.6667,0.625,8.6603,2.0,3.0,6.3539,1
11.527549,11.527549,11.527549,116.80016,116.80016,116.80016,3.32867,-0.709554,160,696.605,0.8483,21.6552,0.6119,6.0391,4.0,29.0,2.3332,1
12.360079,5.4745157,6.9299255,73.654394,90.0,90.0,4.12875,-3.17545,11,449.964,1.3883,16.0,0.575,5.252,4.0,16.0,4.8166,1
12.123724,5.3623989,6.6989025,73.235879,90.0,90.0,3.75505,-2.99385,11,417.002,1.365,13.75,0.575,5.252,4.0,16.0,4.9974,1
14.837308,4.4709628,6.8038467,75.581172,90.0,90.0,3.76564,-2.66891,11,437.13,1.4517,12.2222,0.5625,5.2866,4.0,18.0,4.9154,1
11.530069,5.8535627,7.9982503,70.585137,90.0,90.0,2.31037,-0.652105,11,509.122,0.9767,12.1429,0.6667,0.8771,4.0,14.0,1.7516,1
14.02471,6.8263221,7.3883261,73.877485,90.0,90.0,2.86475,-3.04128,11,679.518,1.63,10.9231,0.6397,5.0034,5.0,26.0,5.4552,1
11.582186,11.577661,5.1943395,90.0,90.0,90.0,2.29186,-2.72277,114,696.533,1.54,10.0,0.625,1.1547,2.0,3.0,5.6233,1
11.591132,11.591132,7.1550581,90.0,90.0,90.0,3.96686,-2.24581,85,961.313,1.4733,33.6,0.625,7.3193,3.0,15.0,4.444,1
11.756797,11.756797,7.2806605,90.0,90.0,90.0,4.08272,-2.16837,85,1006.35,2.01,36.0,0.625,8.6603,2.0,3.0,4.3076,1
12.326115,12.326115,5.6885338,90.0,90.0,90.0,2.28063,-1.71396,85,864.277,1.494,12.1667,0.6379,6.8402,5.0,12.0,5.0691,1
11.629219,11.629219,3.6400224,90.0,90.0,90.0,2.83272,-3.55781,127,492.272,2.37,10.0,0.6667,2.0,2.0,4.0,7.4218,1
11.733447,11.733447,4.4401387,90.0,90.0,120.0,2.26159,-2.67654,162,529.393,1.54,10.0,0.625,1.1547,2.0,3.0,5.4049,1
11.817804,11.817804,7.2273995,90.0,90.0,120.0,2.52126,-0.9932,145,874.151,1.7467,13.6,0.625,6.6106,3.0,5.0,3.1918,1
11.9152,11.9152,7.5966882,90.0,90.0,105.53024,1.72826,-2.80984,65,1039.14,1.54,10.0,0.625,1.1547,2.0,3.0,5.5755,1
12.065734,12.065734,12.065734,152.14369,152.14369,39.803508,2.08522,-2.65141,98,382.779,1.54,10.0,0.625,1.1547,2.0,3.0,4.4828,1
12.348646,12.348646,12.348646,140.37739,139.95622,57.600822,3.80395,-1.95368,73,765.917,1.2867,16.1667,0.7073,0.5774,3.0,12.0,4.0297,1
12.666838,11.33151,11.216128,68.355922,56.253814,55.390264,1.63501,-2.8056,69,1098.41,1.54,10.0,0.625,1.1547,2.0,3.0,5.6786,1
12.737256,12.737256,3.7772251,90.0,90.0,120.0,2.25599,-2.02712,177,530.707,1.54,10.0,0.625,1.1547,2.0,3.0,1.2611,1
12.791157,12.791157,12.791157,156.82726,126.32368,59.224937,2.90282,-3.07281,46,659.924,1.6267,12.0,0.5714,6.1767,3.0,12.0,4.6225,1
13.24215,13.24215,5.2051488,90.0,90.0,100.60919,1.77938,-2.81234,21,897.144,1.54,10.0,0.625,1.1547,2.0,3.0,5.5495,1
13.756826,9.9146964,7.6360645,90.0,90.0,90.0,2.75457,-2.00065,62,1041.52,1.58,27.1429,0.625,8.3808,3.0,7.0,5.0233,1
14.102326,14.102326,8.7088471,90.0,90.0,120.0,1.62013,-2.67777,184,1499.94,1.22,10.0,0.625,1.2111,3.0,6.0,5.5088,1
15.428219,15.428219,7.9495015,90.0,90.0,117.57199,2.5822,-1.88073,67,1677.32,1.415,13.0,0.5,6.3742,4.0,24.0,2.7196,1
14.347577,14.347577,14.347577,17.72064,17.72064,17.72064,6.68163,-0.265692,166,238.856,0.1867,56.0,0.6316,0.7868,3.0,7.0,0.2448,2
10.511663,10.511663,10.511663,19.8721,19.8721,19.8721,7.70645,-1.7191,166,117.391,1.16,38.0,0.5,7.0,3.0,3.0,1.8906,2
11.410316,11.410316,11.410316,18.700665,18.700665,18.700665,7.94992,-1.4222,166,133.43,1.16,44.0,0.5,7.0,3.0,3.0,0.9753,2
10.627646,10.627646,10.627646,24.234756,24.234756,24.234756,7.48016,-0.238338,166,177.763,0.08,64.4,0.6429,0.5477,2.0,5.0,0.277,2
10.215173,10.215173,10.215173,24.532261,24.532261,24.532261,4.62586,-1.76022,166,161.575,1.4517,32.0,0.3824,7.0333,4.0,6.0,2.6194,2
13.418263,13.418263,13.418263,17.787034,17.787034,17.787034,6.18296,-0.0245203,166,196.815,0.1133,43.7143,0.6316,0.7868,3.0,7.0,0.24,2
14.983829,14.983787,14.983787,17.863671,17.864143,17.864143,5.53982,-0.67286,166,276.371,0.33,62.6667,0.6667,1.7321,2.0,3.0,2.3747,2
11.33081,11.33081,11.33079,29.727817,29.727817,29.726784,4.65127,-1.48109,166,316.722,1.64,13.4667,0.4571,6.8661,3.0,15.0,1.409,2
10.338222,10.338222,10.338222,22.861574,22.861574,22.861574,6.04367,-0.007673,166,146.347,0.08,44.4,0.6429,0.5477,2.0,5.0,0.3992,2
10.34744,10.34744,10.34744,33.857429,33.857429,33.857429,5.76041,-0.438837,166,306.455,1.04,17.0345,0.3535,3.2887,3.0,29.0,1.5977,2
14.192551,14.192551,14.192551,17.777239,17.777239,17.777239,7.14461,-0.191994,166,232.64,0.06,58.0,0.6316,0.7868,3.0,7.0,0.5909,2
11.077045,11.077082,11.07705,22.045659,22.04569,22.045584,4.98738,-1.25098,166,167.876,0.96,43.2,0.5,7.225,3.0,5.0,0.1642,2
10.753004,10.753004,10.753004,33.967434,33.967434,33.967434,4.12572,-3.18151,166,345.954,1.7083,18.8,0.6458,7.5542,4.0,10.0,6.6896,2
10.082036,10.082036,10.082036,24.045798,24.045798,24.045798,7.27279,-0.389834,166,149.515,0.53,53.6,0.6429,0.5477,2.0,5.0,0.3006,2
10.567253,10.567253,10.567253,23.744642,23.744642,23.744642,6.18824,-0.220697,166,168.06,0.05,51.6,0.6429,0.5477,2.0,5.0,0.0323,2
10.213366,10.213366,10.213366,20.26158,20.26158,20.26158,6.77108,-1.89721,166,111.805,1.24,32.0,0.5,7.0,3.0,3.0,2.2698,2
14.458731,14.458731,14.458731,17.922384,17.922384,17.922384,7.54531,-0.285216,166,249.909,0.2067,65.1429,0.6316,0.7868,3.0,7.0,0.4927,2
10.491545,10.491545,10.491545,24.019187,24.019187,24.019187,7.42845,-0.304248,166,168.128,0.3533,60.8,0.6429,0.5477,3.0,5.0,0.1503,2
13.328363,13.328363,13.328363,15.624993,15.624993,15.624993,9.42446,-0.593562,166,149.674,1.82,56.6667,0.5,1.7321,2.0,3.0,0.5689,2
11.017189,11.01722,11.017189,41.264167,41.26422,41.264167,6.0074,-3.65641,166,525.403,1.9367,22.5556,0.6154,6.5619,4.0,18.0,6.2638,2
13.587031,13.587031,13.587031,16.587942,16.587942,16.587942,3.67085,-0.964396,166,178.278,0.8267,24.8571,0.5625,5.113,3.0,7.0,1.0467,2
11.145528,11.145528,11.145528,41.328345,41.328345,41.328345,5.6406,-3.30351,166,545.435,1.6283,22.1111,0.6111,4.9229,4.0,18.0,4.2544,2
10.547731,10.547731,10.547731,23.462668,23.462668,23.462668,7.1688,-0.290191,166,163.353,0.3733,57.2,0.6429,0.5477,3.0,5.0,0.3621,2
12.564695,12.564695,12.564695,17.004454,17.004454,17.004454,2.31704,-1.16656,166,147.997,0.8467,14.5714,0.5625,5.113,3.0,7.0,2.0099,2
10.014047,10.014047,10.014047,20.993692,20.993692,20.993692,4.13916,-1.79406,166,112.875,1.22,21.3333,0.5,7.0,3.0,3.0,1.7616,2
10.304688,10.304688,10.304688,23.320656,23.320656,23.320656,5.83465,-0.317996,160,150.559,0.3333,44.4,0.6429,0.5477,3.0,5.0,0.4476,2
12.782677,12.782677,12.782677,13.903077,13.903077,13.903077,3.17226,-0.207962,160,104.944,0.65,10.0,0.5,0.0,2.0,2.0,1.9594,2
10.866321,10.866321,16.603081,56.385634,56.385634,28.39536,5.02006,-0.513433,15,765.339,0.9233,22.1304,0.4774,3.0125,4.0,23.0,2.8377,2
10.610369,10.610369,14.601349,48.764488,48.764488,26.989474,3.46958,-0.917124,15,548.452,1.14,15.2941,0.6429,6.6338,5.0,17.0,3.6653,2
12.302903,12.302903,19.128766,61.414561,61.414561,32.105717,4.49974,-0.400112,15,1334.54,0.5083,32.25,0.619,1.1382,4.0,12.0,2.1068,2
10.600127,10.600127,16.432634,56.497852,56.497852,29.043778,5.21184,-0.403355,15,736.402,0.9083,22.3478,0.4625,2.5929,4.0,23.0,2.497,2
11.362507,11.362507,12.144291,60.184549,60.184549,30.828141,3.9605,-0.636002,15,688.383,1.08,29.3333,0.6154,7.746,3.0,6.0,1.1781,2
10.616756,10.616756,13.398725,52.227936,52.227936,53.201145,6.24442,-0.300423,12,881.003,0.5933,48.8571,0.2903,2.4398,4.0,7.0,1.3782,2
10.690963,10.690963,12.182727,66.223902,66.223902,22.191379,7.08337,-0.440002,12,479.492,0.6267,52.5,0.6522,0.7071,3.0,8.0,1.0382,2
11.98987,11.98987,11.98987,25.146096,25.146096,25.146096,4.19806,-2.94072,167,273.852,1.3933,15.4,0.5417,5.3292,4.0,10.0,4.1376,2
11.7429,11.7429,11.7429,32.907117,32.907117,32.907117,2.07383,-0.468317,167,425.26,1.255,6.2857,0.375,6.4209,4.0,21.0,2.9559,2
15.964638,15.964638,15.964638,17.517885,17.517885,17.517885,2.34987,-2.8852,167,321.751,1.2917,9.3333,0.5714,3.9962,4.0,12.0,4.8274,2
10.903279,10.903278,10.903219,43.33007,43.329969,43.324709,2.16291,-2.53527,167,553.546,1.54,10.0,0.625,1.1547,2.0,3.0,4.0431,2
14.392449,14.392449,14.392449,42.00834,42.00834,42.00834,6.51454,-2.02633,167,1207.86,1.0267,27.5,0.6129,1.0299,3.0,12.0,2.6427,2
15.055768,15.055768,15.055768,46.951482,46.951482,46.951482,3.31007,-0.336082,148,1665.82,0.7067,29.28,0.2188,5.719,3.0,25.0,0.0447,2
16.580425,16.580425,16.580425,34.369987,34.369987,34.369987,2.1043,-0.985175,148,1295.68,1.58,14.3846,0.5902,4.3677,3.0,13.0,3.2769,2
